조사지번호,조사지명,설치일,수거일,위도,경도,임종명,강,목,과,개체수
8,인천 광역시 중구 운남동 영종도 용궁사,20070603,20070624,37 29 41.5,126 31 56.7,자연림,지네,왕지네,,1
8,인천 광역시 중구 운남동 영종도 용궁사,20070603,20070624,37 29 41.5,126 31 56.7,자연림,지네,땅지네,,3
8,인천 광역시 중구 운남동 영종도 용궁사,20070603,20070624,37 29 41.5,126 31 56.7,자연림,곤충,파리,,179
8,인천 광역시 중구 운남동 영종도 용궁사,20070603,20070624,37 29 41.5,126 31 56.7,자연림,곤충,톡토기,,482
8,인천 광역시 중구 운남동 영종도 용궁사,20070603,20070624,37 29 41.5,126 31 56.7,자연림,곤충,집게벌레,,3
8,인천 광역시 중구 운남동 영종도 용궁사,20070603,20070624,37 29 41.5,126 31 56.7,자연림,곤충,벌,개미,54
8,인천 광역시 중구 운남동 영종도 용궁사,20070603,20070624,37 29 41.5,126 31 56.7,자연림,곤충,벌,,38
8,인천 광역시 중구 운남동 영종도 용궁사,20070603,20070624,37 29 41.5,126 31 56.7,자연림,곤충,메뚜기,꼽등이,8
8,인천 광역시 중구 운남동 영종도 용궁사,20070603,20070624,37 29 41.5,126 31 56.7,자연림,곤충,메뚜기,귀뚜라미,1
8,인천 광역시 중구 운남동 영종도 용궁사,20070603,20070624,37 29 41.5,126 31 56.7,자연림,곤충,메뚜기,여치,1
8,인천 광역시 중구 운남동 영종도 용궁사,20070603,20070624,37 29 41.5,126 31 56.7,자연림,곤충,딱정벌레,,63
8,인천 광역시 중구 운남동 영종도 용궁사,20070603,20070624,37 29 41.5,126 31 56.7,자연림,곤충,딱정벌레,반날개,17
8,인천 광역시 중구 운남동 영종도 용궁사,20070603,20070624,37 29 41.5,126 31 56.7,자연림,곤충,딱정벌레,쇠똥구리,13
8,인천 광역시 중구 운남동 영종도 용궁사,20070603,20070624,37 29 41.5,126 31 56.7,자연림,거미,진드기,응애,11
8,인천 광역시 중구 운남동 영종도 용궁사,20070603,20070624,37 29 41.5,126 31 56.7,자연림,거미,거미,,238
8,인천 광역시 중구 운남동 영종도 용궁사,20070603,20070624,37 29 41.5,126 31 56.7,자연림,거미,거미,,1
24,경기도 남양주시 내촌면 음현리 주금산,20070526,20070613,37 46 14.0,127 14 55.4,자연림,지네,돌지네,,2
24,경기도 남양주시 내촌면 음현리 주금산,20070526,20070613,37 46 14.0,127 14 55.4,자연림,노래기,띠노래기,,2
24,경기도 남양주시 내촌면 음현리 주금산,20070526,20070613,37 46 14.0,127 14 55.4,자연림,노래기,곰보노래기,,1
24,경기도 남양주시 내촌면 음현리 주금산,20070526,20070613,37 46 14.0,127 14 55.4,자연림,노래기,각시노래기,,3
24,경기도 남양주시 내촌면 음현리 주금산,20070526,20070613,37 46 14.0,127 14 55.4,자연림,거미,진드기,응애,10
24,경기도 남양주시 내촌면 음현리 주금산,20070526,20070613,37 46 14.0,127 14 55.4,자연림,거미,거미,,203
24,경기도 남양주시 내촌면 음현리 주금산,20070526,20070613,37 46 14.0,127 14 55.4,자연림,거미,거미,,30
24,경기도 남양주시 내촌면 음현리 주금산,20070526,20070613,37 46 14.0,127 14 55.4,자연림,갑각,등각,,5
28,경기도 하남시 배알미동 검단산,20070522,20070604,37 31 18.3,127 16 40.9,자연림,지네,왕지네,,4
28,경기도 하남시 배알미동 검단산,20070522,20070604,37 31 18.3,127 16 40.9,자연림,지네,돌좀지네,,1
28,경기도 하남시 배알미동 검단산,20070522,20070604,37 31 18.3,127 16 40.9,자연림,노래기,곰보노래기,,6
28,경기도 하남시 배알미동 검단산,20070522,20070604,37 31 18.3,127 16 40.9,자연림,노래기,각시노래기,,2
28,경기도 하남시 배알미동 검단산,20070522,20070604,37 31 18.3,127 16 40.9,자연림,곤충,바퀴,흰개미,4
28,경기도 하남시 배알미동 검단산,20070522,20070604,37 31 18.3,127 16 40.9,자연림,곤충,파리,,751
28,경기도 하남시 배알미동 검단산,20070522,20070604,37 31 18.3,127 16 40.9,자연림,곤충,톡토기,,74
28,경기도 하남시 배알미동 검단산,20070522,20070604,37 31 18.3,127 16 40.9,자연림,곤충,톡토기,,7
28,경기도 하남시 배알미동 검단산,20070522,20070604,37 31 18.3,127 16 40.9,자연림,곤충,집게벌레,,30
28,경기도 하남시 배알미동 검단산,20070522,20070604,37 31 18.3,127 16 40.9,자연림,곤충,벌,,308
28,경기도 하남시 배알미동 검단산,20070522,20070604,37 31 18.3,127 16 40.9,자연림,곤충,벌,,94
28,경기도 하남시 배알미동 검단산,20070522,20070604,37 31 18.3,127 16 40.9,자연림,곤충,메뚜기,,8
28,경기도 하남시 배알미동 검단산,20070522,20070604,37 31 18.3,127 16 40.9,자연림,곤충,메뚜기,,1
28,경기도 하남시 배알미동 검단산,20070522,20070604,37 31 18.3,127 16 40.9,자연림,곤충,메뚜기,,1
28,경기도 하남시 배알미동 검단산,20070522,20070604,37 31 18.3,127 16 40.9,자연림,곤충,메뚜기,,5
28,경기도 하남시 배알미동 검단산,20070522,20070604,37 31 18.3,127 16 40.9,자연림,곤충,메뚜기,,1
28,경기도 하남시 배알미동 검단산,20070522,20070604,37 31 18.3,127 16 40.9,자연림,곤충,매미,,3
28,경기도 하남시 배알미동 검단산,20070522,20070604,37 31 18.3,127 16 40.9,자연림,곤충,매미,,7
28,경기도 하남시 배알미동 검단산,20070522,20070604,37 31 18.3,127 16 40.9,자연림,곤충,딱정벌레,,225
28,경기도 하남시 배알미동 검단산,20070522,20070604,37 31 18.3,127 16 40.9,자연림,곤충,딱정벌레,,213
28,경기도 하남시 배알미동 검단산,20070522,20070604,37 31 18.3,127 16 40.9,자연림,곤충,딱정벌레,,153
28,경기도 하남시 배알미동 검단산,20070522,20070604,37 31 18.3,127 16 40.9,자연림,곤충,딱정벌레,,10
28,경기도 하남시 배알미동 검단산,20070522,20070604,37 31 18.3,127 16 40.9,자연림,곤충,돌좀,,9
28,경기도 하남시 배알미동 검단산,20070522,20070604,37 31 18.3,127 16 40.9,자연림,곤충,다듬이벌레,,2
28,경기도 하남시 배알미동 검단산,20070522,20070604,37 31 18.3,127 16 40.9,자연림,곤충,노린재,,1
28,경기도 하남시 배알미동 검단산,20070522,20070604,37 31 18.3,127 16 40.9,자연림,곤충,나비,,25
28,경기도 하남시 배알미동 검단산,20070522,20070604,37 31 18.3,127 16 40.9,자연림,거미,장님거미,,32
28,경기도 하남시 배알미동 검단산,20070522,20070604,37 31 18.3,127 16 40.9,자연림,거미,진드기,응애,202
28,경기도 하남시 배알미동 검단산,20070522,20070604,37 31 18.3,127 16 40.9,자연림,거미,거미,,119
28,경기도 하남시 배알미동 검단산,20070522,20070604,37 31 18.3,127 16 40.9,자연림,갑각,등각,,36
29,경기도 광주시 퇴촌면 도마리,20070522,20070604,37 27 39.6,127 16 59.2,자연림,지네,왕지네,,3
29,경기도 광주시 퇴촌면 도마리,20070522,20070604,37 27 39.6,127 16 59.2,자연림,지네,돌지네,,1
29,경기도 광주시 퇴촌면 도마리,20070522,20070604,37 27 39.6,127 16 59.2,자연림,노래기,띠노래기,,4
29,경기도 광주시 퇴촌면 도마리,20070522,20070604,37 27 39.6,127 16 59.2,자연림,노래기,곰보노래기,,2
29,경기도 광주시 퇴촌면 도마리,20070522,20070604,37 27 39.6,127 16 59.2,자연림,노래기,각시노래기,,5
29,경기도 광주시 퇴촌면 도마리,20070522,20070604,37 27 39.6,127 16 59.2,자연림,곤충,파리,,161
29,경기도 광주시 퇴촌면 도마리,20070522,20070604,37 27 39.6,127 16 59.2,자연림,곤충,톡토기,,39
29,경기도 광주시 퇴촌면 도마리,20070522,20070604,37 27 39.6,127 16 59.2,자연림,곤충,벌,,8
29,경기도 광주시 퇴촌면 도마리,20070522,20070604,37 27 39.6,127 16 59.2,자연림,곤충,벌,,171
29,경기도 광주시 퇴촌면 도마리,20070522,20070604,37 27 39.6,127 16 59.2,자연림,곤충,메뚜기,,2
29,경기도 광주시 퇴촌면 도마리,20070522,20070604,37 27 39.6,127 16 59.2,자연림,곤충,메뚜기,,29
29,경기도 광주시 퇴촌면 도마리,20070522,20070604,37 27 39.6,127 16 59.2,자연림,곤충,메뚜기,,6
29,경기도 광주시 퇴촌면 도마리,20070522,20070604,37 27 39.6,127 16 59.2,자연림,곤충,매미,,2
29,경기도 광주시 퇴촌면 도마리,20070522,20070604,37 27 39.6,127 16 59.2,자연림,곤충,매미,,1
29,경기도 광주시 퇴촌면 도마리,20070522,20070604,37 27 39.6,127 16 59.2,자연림,곤충,딱정벌레,,142
29,경기도 광주시 퇴촌면 도마리,20070522,20070604,37 27 39.6,127 16 59.2,자연림,곤충,딱정벌레,,28
29,경기도 광주시 퇴촌면 도마리,20070522,20070604,37 27 39.6,127 16 59.2,자연림,곤충,딱정벌레,,316
29,경기도 광주시 퇴촌면 도마리,20070522,20070604,37 27 39.6,127 16 59.2,자연림,곤충,딱정벌레,,13
29,경기도 광주시 퇴촌면 도마리,20070522,20070604,37 27 39.6,127 16 59.2,자연림,곤충,돌좀,,3
29,경기도 광주시 퇴촌면 도마리,20070522,20070604,37 27 39.6,127 16 59.2,자연림,곤충,다듬이벌레,,1
29,경기도 광주시 퇴촌면 도마리,20070522,20070604,37 27 39.6,127 16 59.2,자연림,곤충,노린재,,1
29,경기도 광주시 퇴촌면 도마리,20070522,20070604,37 27 39.6,127 16 59.2,자연림,곤충,나비,,5
29,경기도 광주시 퇴촌면 도마리,20070522,20070604,37 27 39.6,127 16 59.2,자연림,거미,장님거미,,17
29,경기도 광주시 퇴촌면 도마리,20070522,20070604,37 27 39.6,127 16 59.2,자연림,거미,진드기,응애,234
29,경기도 광주시 퇴촌면 도마리,20070522,20070604,37 27 39.6,127 16 59.2,자연림,거미,앉은뱅이,,1
29,경기도 광주시 퇴촌면 도마리,20070522,20070604,37 27 39.6,127 16 59.2,자연림,거미,거미,,81
29,경기도 광주시 퇴촌면 도마리,20070522,20070604,37 27 39.6,127 16 59.2,자연림,갑각,등각,,6
31,경기도 광주시 초월읍 무갑리 무갑산,20070522,20070604,37 25 01.0,127 19 55.6,조림지(70%)자연림(,지네,왕지네,,2
31,경기도 광주시 초월읍 무갑리 무갑산,20070522,20070604,37 25 01.0,127 19 55.6,조림지(70%)자연림(,지네,돌좀지네,,1
31,경기도 광주시 초월읍 무갑리 무갑산,20070522,20070604,37 25 01.0,127 19 55.6,조림지(70%)자연림(,지네,그리마,,1
31,경기도 광주시 초월읍 무갑리 무갑산,20070522,20070604,37 25 01.0,127 19 55.6,조림지(70%)자연림(,노래기,띠노래기,,1
31,경기도 광주시 초월읍 무갑리 무갑산,20070522,20070604,37 25 01.0,127 19 55.6,조림지(70%)자연림(,노래기,곰보노래기,,3
31,경기도 광주시 초월읍 무갑리 무갑산,20070522,20070604,37 25 01.0,127 19 55.6,조림지(70%)자연림(,곤충,파리,,84
31,경기도 광주시 초월읍 무갑리 무갑산,20070522,20070604,37 25 01.0,127 19 55.6,조림지(70%)자연림(,곤충,톡토기,,41
31,경기도 광주시 초월읍 무갑리 무갑산,20070522,20070604,37 25 01.0,127 19 55.6,조림지(70%)자연림(,곤충,벌,,68
31,경기도 광주시 초월읍 무갑리 무갑산,20070522,20070604,37 25 01.0,127 19 55.6,조림지(70%)자연림(,곤충,벌,,74
31,경기도 광주시 초월읍 무갑리 무갑산,20070522,20070604,37 25 01.0,127 19 55.6,조림지(70%)자연림(,곤충,메뚜기,,2
31,경기도 광주시 초월읍 무갑리 무갑산,20070522,20070604,37 25 01.0,127 19 55.6,조림지(70%)자연림(,곤충,메뚜기,,4
31,경기도 광주시 초월읍 무갑리 무갑산,20070522,20070604,37 25 01.0,127 19 55.6,조림지(70%)자연림(,곤충,메뚜기,,1
31,경기도 광주시 초월읍 무갑리 무갑산,20070522,20070604,37 25 01.0,127 19 55.6,조림지(70%)자연림(,곤충,매미,,2
31,경기도 광주시 초월읍 무갑리 무갑산,20070522,20070604,37 25 01.0,127 19 55.6,조림지(70%)자연림(,곤충,딱정벌레,,49
31,경기도 광주시 초월읍 무갑리 무갑산,20070522,20070604,37 25 01.0,127 19 55.6,조림지(70%)자연림(,곤충,딱정벌레,,29
31,경기도 광주시 초월읍 무갑리 무갑산,20070522,20070604,37 25 01.0,127 19 55.6,조림지(70%)자연림(,곤충,딱정벌레,,40
31,경기도 광주시 초월읍 무갑리 무갑산,20070522,20070604,37 25 01.0,127 19 55.6,조림지(70%)자연림(,곤충,딱정벌레,,3
31,경기도 광주시 초월읍 무갑리 무갑산,20070522,20070604,37 25 01.0,127 19 55.6,조림지(70%)자연림(,곤충,돌좀,,4
31,경기도 광주시 초월읍 무갑리 무갑산,20070522,20070604,37 25 01.0,127 19 55.6,조림지(70%)자연림(,곤충,나비,,17
31,경기도 광주시 초월읍 무갑리 무갑산,20070522,20070604,37 25 01.0,127 19 55.6,조림지(70%)자연림(,거미,장님거미,,19
31,경기도 광주시 초월읍 무갑리 무갑산,20070522,20070604,37 25 01.0,127 19 55.6,조림지(70%)자연림(,거미,진드기,응애,12
31,경기도 광주시 초월읍 무갑리 무갑산,20070522,20070604,37 25 01.0,127 19 55.6,조림지(70%)자연림(,거미,거미,,56
31,경기도 광주시 초월읍 무갑리 무갑산,20070522,20070604,37 25 01.0,127 19 55.6,조림지(70%)자연림(,갑각,등각,,2
33,경기도 이천시 신둔면 수광리 정개산,20070522,20070604,37 19 21.8,127 24 47.9,자연림(70%) 조림지,지네,돌지네,,1
33,경기도 이천시 신둔면 수광리 정개산,20070522,20070604,37 19 21.8,127 24 47.9,자연림(70%) 조림지,지네,그리마,,1
33,경기도 이천시 신둔면 수광리 정개산,20070522,20070604,37 19 21.8,127 24 47.9,자연림(70%) 조림지,곤충,파리,,148
33,경기도 이천시 신둔면 수광리 정개산,20070522,20070604,37 19 21.8,127 24 47.9,자연림(70%) 조림지,곤충,톡토기,,112
33,경기도 이천시 신둔면 수광리 정개산,20070522,20070604,37 19 21.8,127 24 47.9,자연림(70%) 조림지,곤충,집게벌레,,13
33,경기도 이천시 신둔면 수광리 정개산,20070522,20070604,37 19 21.8,127 24 47.9,자연림(70%) 조림지,곤충,벌,,1
33,경기도 이천시 신둔면 수광리 정개산,20070522,20070604,37 19 21.8,127 24 47.9,자연림(70%) 조림지,곤충,벌,,43
33,경기도 이천시 신둔면 수광리 정개산,20070522,20070604,37 19 21.8,127 24 47.9,자연림(70%) 조림지,곤충,메뚜기,,4
33,경기도 이천시 신둔면 수광리 정개산,20070522,20070604,37 19 21.8,127 24 47.9,자연림(70%) 조림지,곤충,메뚜기,,1
33,경기도 이천시 신둔면 수광리 정개산,20070522,20070604,37 19 21.8,127 24 47.9,자연림(70%) 조림지,곤충,메뚜기,,5
33,경기도 이천시 신둔면 수광리 정개산,20070522,20070604,37 19 21.8,127 24 47.9,자연림(70%) 조림지,곤충,메뚜기,,1
33,경기도 이천시 신둔면 수광리 정개산,20070522,20070604,37 19 21.8,127 24 47.9,자연림(70%) 조림지,곤충,매미,,3
33,경기도 이천시 신둔면 수광리 정개산,20070522,20070604,37 19 21.8,127 24 47.9,자연림(70%) 조림지,곤충,딱정벌레,,66
33,경기도 이천시 신둔면 수광리 정개산,20070522,20070604,37 19 21.8,127 24 47.9,자연림(70%) 조림지,곤충,딱정벌레,,91
33,경기도 이천시 신둔면 수광리 정개산,20070522,20070604,37 19 21.8,127 24 47.9,자연림(70%) 조림지,곤충,딱정벌레,,29
33,경기도 이천시 신둔면 수광리 정개산,20070522,20070604,37 19 21.8,127 24 47.9,자연림(70%) 조림지,곤충,딱정벌레,,2
33,경기도 이천시 신둔면 수광리 정개산,20070522,20070604,37 19 21.8,127 24 47.9,자연림(70%) 조림지,곤충,노린재,,1
33,경기도 이천시 신둔면 수광리 정개산,20070522,20070604,37 19 21.8,127 24 47.9,자연림(70%) 조림지,곤충,나비,,19
33,경기도 이천시 신둔면 수광리 정개산,20070522,20070604,37 19 21.8,127 24 47.9,자연림(70%) 조림지,거미,장님거미,,33
33,경기도 이천시 신둔면 수광리 정개산,20070522,20070604,37 19 21.8,127 24 47.9,자연림(70%) 조림지,거미,진드기,응애,17
33,경기도 이천시 신둔면 수광리 정개산,20070522,20070604,37 19 21.8,127 24 47.9,자연림(70%) 조림지,거미,거미,,36
33,경기도 이천시 신둔면 수광리 정개산,20070522,20070604,37 19 21.8,127 24 47.9,자연림(70%) 조림지,갑각,등각,,1
66,강원도 양양군 영덕리 조침령 터널,20070620,,37 59 39.6,128 30 48.4,자연림,지네,그리마,,2
66,강원도 양양군 영덕리 조침령 터널,20070620,,37 59 39.6,128 30 48.4,자연림,노래기,띠노래기,,18
66,강원도 양양군 영덕리 조침령 터널,20070620,,37 59 39.6,128 30 48.4,자연림,노래기,각시노래기,,2
66,강원도 양양군 영덕리 조침령 터널,20070620,,37 59 39.6,128 30 48.4,자연림,곤충,파리,,278
66,강원도 양양군 영덕리 조침령 터널,20070620,,37 59 39.6,128 30 48.4,자연림,곤충,톡토기,,41
66,강원도 양양군 영덕리 조침령 터널,20070620,,37 59 39.6,128 30 48.4,자연림,곤충,벌,,59
66,강원도 양양군 영덕리 조침령 터널,20070620,,37 59 39.6,128 30 48.4,자연림,곤충,벌,,14
66,강원도 양양군 영덕리 조침령 터널,20070620,,37 59 39.6,128 30 48.4,자연림,곤충,밑들이,,3
66,강원도 양양군 영덕리 조침령 터널,20070620,,37 59 39.6,128 30 48.4,자연림,곤충,메뚜기,,50
66,강원도 양양군 영덕리 조침령 터널,20070620,,37 59 39.6,128 30 48.4,자연림,곤충,메뚜기,,12
66,강원도 양양군 영덕리 조침령 터널,20070620,,37 59 39.6,128 30 48.4,자연림,곤충,메뚜기,,1
66,강원도 양양군 영덕리 조침령 터널,20070620,,37 59 39.6,128 30 48.4,자연림,곤충,딱정벌레,,27
66,강원도 양양군 영덕리 조침령 터널,20070620,,37 59 39.6,128 30 48.4,자연림,곤충,딱정벌레,,107
66,강원도 양양군 영덕리 조침령 터널,20070620,,37 59 39.6,128 30 48.4,자연림,곤충,돌좀,,8
66,강원도 양양군 영덕리 조침령 터널,20070620,,37 59 39.6,128 30 48.4,자연림,곤충,노린재,,9
66,강원도 양양군 영덕리 조침령 터널,20070620,,37 59 39.6,128 30 48.4,자연림,곤충,나비,,2
66,강원도 양양군 영덕리 조침령 터널,20070620,,37 59 39.6,128 30 48.4,자연림,거미,장님거미,,6
66,강원도 양양군 영덕리 조침령 터널,20070620,,37 59 39.6,128 30 48.4,자연림,거미,진드기,응애,21
66,강원도 양양군 영덕리 조침령 터널,20070620,,37 59 39.6,128 30 48.4,자연림,거미,거미,,72
66,강원도 양양군 영덕리 조침령 터널,20070620,,37 59 39.6,128 30 48.4,자연림,갑각,등각,,3
80,강원 진부면 두일리,20070517,20070605,37 40 51,128 32 54,조림지자연림,지네,왕지네,,2
80,강원 진부면 두일리,20070517,20070605,37 40 51,128 32 54,조림지자연림,노래기,띠노래기,,11
80,강원 진부면 두일리,20070517,20070605,37 40 51,128 32 54,조림지자연림,노래기,땅노래기,,5
80,강원 진부면 두일리,20070517,20070605,37 40 51,128 32 54,조림지자연림,노래기,곰보노래기,,1
80,강원 진부면 두일리,20070517,20070605,37 40 51,128 32 54,조림지자연림,노래기,각시노래기,,2
80,강원 진부면 두일리,20070517,20070605,37 40 51,128 32 54,조림지자연림,곤충,파리,,177
80,강원 진부면 두일리,20070517,20070605,37 40 51,128 32 54,조림지자연림,곤충,톡토기,,46
80,강원 진부면 두일리,20070517,20070605,37 40 51,128 32 54,조림지자연림,곤충,집게벌레,,14
80,강원 진부면 두일리,20070517,20070605,37 40 51,128 32 54,조림지자연림,곤충,벌,,2
80,강원 진부면 두일리,20070517,20070605,37 40 51,128 32 54,조림지자연림,곤충,벌,,30
80,강원 진부면 두일리,20070517,20070605,37 40 51,128 32 54,조림지자연림,곤충,밑들이,,1
80,강원 진부면 두일리,20070517,20070605,37 40 51,128 32 54,조림지자연림,곤충,메뚜기,,2
80,강원 진부면 두일리,20070517,20070605,37 40 51,128 32 54,조림지자연림,곤충,메뚜기,,4
80,강원 진부면 두일리,20070517,20070605,37 40 51,128 32 54,조림지자연림,곤충,메뚜기,,1
80,강원 진부면 두일리,20070517,20070605,37 40 51,128 32 54,조림지자연림,곤충,매미,,2
80,강원 진부면 두일리,20070517,20070605,37 40 51,128 32 54,조림지자연림,곤충,딱정벌레,,20
80,강원 진부면 두일리,20070517,20070605,37 40 51,128 32 54,조림지자연림,곤충,딱정벌레,,72
80,강원 진부면 두일리,20070517,20070605,37 40 51,128 32 54,조림지자연림,곤충,딱정벌레,,105
80,강원 진부면 두일리,20070517,20070605,37 40 51,128 32 54,조림지자연림,곤충,돌좀,,4
80,강원 진부면 두일리,20070517,20070605,37 40 51,128 32 54,조림지자연림,곤충,대벌레,,1
80,강원 진부면 두일리,20070517,20070605,37 40 51,128 32 54,조림지자연림,곤충,다듬이벌레,,1
80,강원 진부면 두일리,20070517,20070605,37 40 51,128 32 54,조림지자연림,곤충,나비,,8
80,강원 진부면 두일리,20070517,20070605,37 40 51,128 32 54,조림지자연림,거미,장님거미,,7
80,강원 진부면 두일리,20070517,20070605,37 40 51,128 32 54,조림지자연림,거미,진드기,응애,12
80,강원 진부면 두일리,20070517,20070605,37 40 51,128 32 54,조림지자연림,거미,거미,,106
80,강원 진부면 두일리,20070517,20070605,37 40 51,128 32 54,조림지자연림,갑각,등각,,2
85,강원도 평창군 방림면 운교리 문재터널,20070605,20070619,37 25 25.8,128 15 54.7,조림지자연림,지네,왕지네,,1
85,강원도 평창군 방림면 운교리 문재터널,20070605,20070619,37 25 25.8,128 15 54.7,조림지자연림,노래기,곰보노래기,,1
85,강원도 평창군 방림면 운교리 문재터널,20070605,20070619,37 25 25.8,128 15 54.7,조림지자연림,노래기,각시노래기,,3
85,강원도 평창군 방림면 운교리 문재터널,20070605,20070619,37 25 25.8,128 15 54.7,조림지자연림,곤충,파리,,131
85,강원도 평창군 방림면 운교리 문재터널,20070605,20070619,37 25 25.8,128 15 54.7,조림지자연림,곤충,톡토기,,66
85,강원도 평창군 방림면 운교리 문재터널,20070605,20070619,37 25 25.8,128 15 54.7,조림지자연림,곤충,집게벌레,,3
85,강원도 평창군 방림면 운교리 문재터널,20070605,20070619,37 25 25.8,128 15 54.7,조림지자연림,곤충,벌,,49
85,강원도 평창군 방림면 운교리 문재터널,20070605,20070619,37 25 25.8,128 15 54.7,조림지자연림,곤충,벌,,40
85,강원도 평창군 방림면 운교리 문재터널,20070605,20070619,37 25 25.8,128 15 54.7,조림지자연림,곤충,밑들이,,1
85,강원도 평창군 방림면 운교리 문재터널,20070605,20070619,37 25 25.8,128 15 54.7,조림지자연림,곤충,메뚜기,,9
85,강원도 평창군 방림면 운교리 문재터널,20070605,20070619,37 25 25.8,128 15 54.7,조림지자연림,곤충,메뚜기,,7
85,강원도 평창군 방림면 운교리 문재터널,20070605,20070619,37 25 25.8,128 15 54.7,조림지자연림,곤충,매미,,6
85,강원도 평창군 방림면 운교리 문재터널,20070605,20070619,37 25 25.8,128 15 54.7,조림지자연림,곤충,딱정벌레,,7
85,강원도 평창군 방림면 운교리 문재터널,20070605,20070619,37 25 25.8,128 15 54.7,조림지자연림,곤충,딱정벌레,,32
85,강원도 평창군 방림면 운교리 문재터널,20070605,20070619,37 25 25.8,128 15 54.7,조림지자연림,곤충,딱정벌레,,10
85,강원도 평창군 방림면 운교리 문재터널,20070605,20070619,37 25 25.8,128 15 54.7,조림지자연림,곤충,딱정벌레,,2
85,강원도 평창군 방림면 운교리 문재터널,20070605,20070619,37 25 25.8,128 15 54.7,조림지자연림,곤충,다듬이벌레,,1
85,강원도 평창군 방림면 운교리 문재터널,20070605,20070619,37 25 25.8,128 15 54.7,조림지자연림,곤충,노린재,,7
85,강원도 평창군 방림면 운교리 문재터널,20070605,20070619,37 25 25.8,128 15 54.7,조림지자연림,곤충,나비,,4
85,강원도 평창군 방림면 운교리 문재터널,20070605,20070619,37 25 25.8,128 15 54.7,조림지자연림,거미,장님거미,,14
85,강원도 평창군 방림면 운교리 문재터널,20070605,20070619,37 25 25.8,128 15 54.7,조림지자연림,거미,진드기,응애,5
85,강원도 평창군 방림면 운교리 문재터널,20070605,20070619,37 25 25.8,128 15 54.7,조림지자연림,거미,거미,,60
85,강원도 평창군 방림면 운교리 문재터널,20070605,20070619,37 25 25.8,128 15 54.7,조림지자연림,갑각,등각,,3
87,강원도 평창군 방림리 뇌운계곡,20070605,20070619,37 25 25.7,128 23 40.6,조림지자연림,지네,왕지네,,2
87,강원도 평창군 방림리 뇌운계곡,20070605,20070619,37 25 25.7,128 23 40.6,조림지자연림,노래기,땅노래기,,1
87,강원도 평창군 방림리 뇌운계곡,20070605,20070619,37 25 25.7,128 23 40.6,조림지자연림,노래기,곰보노래기,,2
87,강원도 평창군 방림리 뇌운계곡,20070605,20070619,37 25 25.7,128 23 40.6,조림지자연림,노래기,각시노래기,,2
87,강원도 평창군 방림리 뇌운계곡,20070605,20070619,37 25 25.7,128 23 40.6,조림지자연림,곤충,하루살이,하루살이,1
87,강원도 평창군 방림리 뇌운계곡,20070605,20070619,37 25 25.7,128 23 40.6,조림지자연림,곤충,풀잠자리,풀잠자리,1
87,강원도 평창군 방림리 뇌운계곡,20070605,20070619,37 25 25.7,128 23 40.6,조림지자연림,곤충,파리,,117
87,강원도 평창군 방림리 뇌운계곡,20070605,20070619,37 25 25.7,128 23 40.6,조림지자연림,곤충,톡토기,,82
87,강원도 평창군 방림리 뇌운계곡,20070605,20070619,37 25 25.7,128 23 40.6,조림지자연림,곤충,톡토기,,20
87,강원도 평창군 방림리 뇌운계곡,20070605,20070619,37 25 25.7,128 23 40.6,조림지자연림,곤충,총채벌레,,2
87,강원도 평창군 방림리 뇌운계곡,20070605,20070619,37 25 25.7,128 23 40.6,조림지자연림,곤충,집게벌레,,5
87,강원도 평창군 방림리 뇌운계곡,20070605,20070619,37 25 25.7,128 23 40.6,조림지자연림,곤충,벌,,5
87,강원도 평창군 방림리 뇌운계곡,20070605,20070619,37 25 25.7,128 23 40.6,조림지자연림,곤충,벌,,37
87,강원도 평창군 방림리 뇌운계곡,20070605,20070619,37 25 25.7,128 23 40.6,조림지자연림,곤충,밑들이,,1
87,강원도 평창군 방림리 뇌운계곡,20070605,20070619,37 25 25.7,128 23 40.6,조림지자연림,곤충,메뚜기,,16
87,강원도 평창군 방림리 뇌운계곡,20070605,20070619,37 25 25.7,128 23 40.6,조림지자연림,곤충,메뚜기,,1
87,강원도 평창군 방림리 뇌운계곡,20070605,20070619,37 25 25.7,128 23 40.6,조림지자연림,곤충,메뚜기,,7
87,강원도 평창군 방림리 뇌운계곡,20070605,20070619,37 25 25.7,128 23 40.6,조림지자연림,곤충,매미,,7
87,강원도 평창군 방림리 뇌운계곡,20070605,20070619,37 25 25.7,128 23 40.6,조림지자연림,곤충,매미,,3
87,강원도 평창군 방림리 뇌운계곡,20070605,20070619,37 25 25.7,128 23 40.6,조림지자연림,곤충,딱정벌레,,10
87,강원도 평창군 방림리 뇌운계곡,20070605,20070619,37 25 25.7,128 23 40.6,조림지자연림,곤충,딱정벌레,,40
87,강원도 평창군 방림리 뇌운계곡,20070605,20070619,37 25 25.7,128 23 40.6,조림지자연림,곤충,딱정벌레,,2
87,강원도 평창군 방림리 뇌운계곡,20070605,20070619,37 25 25.7,128 23 40.6,조림지자연림,곤충,딱정벌레,,31
87,강원도 평창군 방림리 뇌운계곡,20070605,20070619,37 25 25.7,128 23 40.6,조림지자연림,곤충,돌좀,,17
87,강원도 평창군 방림리 뇌운계곡,20070605,20070619,37 25 25.7,128 23 40.6,조림지자연림,곤충,대벌레,,1
87,강원도 평창군 방림리 뇌운계곡,20070605,20070619,37 25 25.7,128 23 40.6,조림지자연림,곤충,다듬이벌레,,39
87,강원도 평창군 방림리 뇌운계곡,20070605,20070619,37 25 25.7,128 23 40.6,조림지자연림,곤충,노린재,깍지벌레,1
87,강원도 평창군 방림리 뇌운계곡,20070605,20070619,37 25 25.7,128 23 40.6,조림지자연림,곤충,노린재,,4
87,강원도 평창군 방림리 뇌운계곡,20070605,20070619,37 25 25.7,128 23 40.6,조림지자연림,곤충,나비,,18
87,강원도 평창군 방림리 뇌운계곡,20070605,20070619,37 25 25.7,128 23 40.6,조림지자연림,거미,장님거미,,23
87,강원도 평창군 방림리 뇌운계곡,20070605,20070619,37 25 25.7,128 23 40.6,조림지자연림,거미,진드기,응애,11
87,강원도 평창군 방림리 뇌운계곡,20070605,20070619,37 25 25.7,128 23 40.6,조림지자연림,거미,거미,,102
87,강원도 평창군 방림리 뇌운계곡,20070605,20070619,37 25 25.7,128 23 40.6,조림지자연림,갑각,등각,,5
94,강원 진부면 신기리,20070517,20070605,37 35 23.0,128 34 23.2,자연림(조림지),지네,돌좀지네,,1
94,강원 진부면 신기리,20070517,20070605,37 35 23.0,128 34 23.2,자연림(조림지),지네,그리마,,1
94,강원 진부면 신기리,20070517,20070605,37 35 23.0,128 34 23.2,자연림(조림지),지네,땅지네,,1
94,강원 진부면 신기리,20070517,20070605,37 35 23.0,128 34 23.2,자연림(조림지),노래기,띠노래기,,15
94,강원 진부면 신기리,20070517,20070605,37 35 23.0,128 34 23.2,자연림(조림지),노래기,각시노래기,,2
94,강원 진부면 신기리,20070517,20070605,37 35 23.0,128 34 23.2,자연림(조림지),곤충,파리,,452
94,강원 진부면 신기리,20070517,20070605,37 35 23.0,128 34 23.2,자연림(조림지),곤충,톡토기,,47
94,강원 진부면 신기리,20070517,20070605,37 35 23.0,128 34 23.2,자연림(조림지),곤충,벌,,283
94,강원 진부면 신기리,20070517,20070605,37 35 23.0,128 34 23.2,자연림(조림지),곤충,벌,,38
94,강원 진부면 신기리,20070517,20070605,37 35 23.0,128 34 23.2,자연림(조림지),곤충,메뚜기,,1
94,강원 진부면 신기리,20070517,20070605,37 35 23.0,128 34 23.2,자연림(조림지),곤충,메뚜기,,1
94,강원 진부면 신기리,20070517,20070605,37 35 23.0,128 34 23.2,자연림(조림지),곤충,메뚜기,,2
94,강원 진부면 신기리,20070517,20070605,37 35 23.0,128 34 23.2,자연림(조림지),곤충,매미,,18
94,강원 진부면 신기리,20070517,20070605,37 35 23.0,128 34 23.2,자연림(조림지),곤충,딱정벌레,,32
94,강원 진부면 신기리,20070517,20070605,37 35 23.0,128 34 23.2,자연림(조림지),곤충,딱정벌레,,30
94,강원 진부면 신기리,20070517,20070605,37 35 23.0,128 34 23.2,자연림(조림지),곤충,딱정벌레,,83
94,강원 진부면 신기리,20070517,20070605,37 35 23.0,128 34 23.2,자연림(조림지),곤충,딱정벌레,,1
94,강원 진부면 신기리,20070517,20070605,37 35 23.0,128 34 23.2,자연림(조림지),곤충,돌좀,,1
94,강원 진부면 신기리,20070517,20070605,37 35 23.0,128 34 23.2,자연림(조림지),곤충,다듬이벌레,,4
94,강원 진부면 신기리,20070517,20070605,37 35 23.0,128 34 23.2,자연림(조림지),곤충,노린재,,11
94,강원 진부면 신기리,20070517,20070605,37 35 23.0,128 34 23.2,자연림(조림지),곤충,나비,,11
94,강원 진부면 신기리,20070517,20070605,37 35 23.0,128 34 23.2,자연림(조림지),거미,장님거미,,7
94,강원 진부면 신기리,20070517,20070605,37 35 23.0,128 34 23.2,자연림(조림지),거미,진드기,응애,12
94,강원 진부면 신기리,20070517,20070605,37 35 23.0,128 34 23.2,자연림(조림지),거미,거미,,89
94,강원 진부면 신기리,20070517,20070605,37 35 23.0,128 34 23.2,자연림(조림지),갑각,등각,,33
95,강원도 강릉시 성산면 어흘리 대관령,20070605,20070619,37 41 24.6,128 45 17.1,자연림,지네,땅지네,,2
95,강원도 강릉시 성산면 어흘리 대관령,20070605,20070619,37 41 24.6,128 45 17.1,자연림,지네,그리마,,2
95,강원도 강릉시 성산면 어흘리 대관령,20070605,20070619,37 41 24.6,128 45 17.1,자연림,노래기,띠노래기,,10
95,강원도 강릉시 성산면 어흘리 대관령,20070605,20070619,37 41 24.6,128 45 17.1,자연림,곤충,풀잠자리,풀잠자리,1
95,강원도 강릉시 성산면 어흘리 대관령,20070605,20070619,37 41 24.6,128 45 17.1,자연림,곤충,파리,,447
95,강원도 강릉시 성산면 어흘리 대관령,20070605,20070619,37 41 24.6,128 45 17.1,자연림,곤충,톡토기,,188
95,강원도 강릉시 성산면 어흘리 대관령,20070605,20070619,37 41 24.6,128 45 17.1,자연림,곤충,집게벌레,,10
95,강원도 강릉시 성산면 어흘리 대관령,20070605,20070619,37 41 24.6,128 45 17.1,자연림,곤충,벌,,15
95,강원도 강릉시 성산면 어흘리 대관령,20070605,20070619,37 41 24.6,128 45 17.1,자연림,곤충,벌,,14
95,강원도 강릉시 성산면 어흘리 대관령,20070605,20070619,37 41 24.6,128 45 17.1,자연림,곤충,밑들이,,22
95,강원도 강릉시 성산면 어흘리 대관령,20070605,20070619,37 41 24.6,128 45 17.1,자연림,곤충,메뚜기,,15
95,강원도 강릉시 성산면 어흘리 대관령,20070605,20070619,37 41 24.6,128 45 17.1,자연림,곤충,메뚜기,,1
95,강원도 강릉시 성산면 어흘리 대관령,20070605,20070619,37 41 24.6,128 45 17.1,자연림,곤충,메뚜기,,1
95,강원도 강릉시 성산면 어흘리 대관령,20070605,20070619,37 41 24.6,128 45 17.1,자연림,곤충,메뚜기,,1
95,강원도 강릉시 성산면 어흘리 대관령,20070605,20070619,37 41 24.6,128 45 17.1,자연림,곤충,매미,,5
95,강원도 강릉시 성산면 어흘리 대관령,20070605,20070619,37 41 24.6,128 45 17.1,자연림,곤충,딱정벌레,,55
95,강원도 강릉시 성산면 어흘리 대관령,20070605,20070619,37 41 24.6,128 45 17.1,자연림,곤충,딱정벌레,,1301
95,강원도 강릉시 성산면 어흘리 대관령,20070605,20070619,37 41 24.6,128 45 17.1,자연림,곤충,딱정벌레,,20
95,강원도 강릉시 성산면 어흘리 대관령,20070605,20070619,37 41 24.6,128 45 17.1,자연림,곤충,딱정벌레,,5
95,강원도 강릉시 성산면 어흘리 대관령,20070605,20070619,37 41 24.6,128 45 17.1,자연림,곤충,다듬이벌레,,1
95,강원도 강릉시 성산면 어흘리 대관령,20070605,20070619,37 41 24.6,128 45 17.1,자연림,곤충,노린재,,1
95,강원도 강릉시 성산면 어흘리 대관령,20070605,20070619,37 41 24.6,128 45 17.1,자연림,곤충,나비,,15
95,강원도 강릉시 성산면 어흘리 대관령,20070605,20070619,37 41 24.6,128 45 17.1,자연림,거미,장님거미,,10
95,강원도 강릉시 성산면 어흘리 대관령,20070605,20070619,37 41 24.6,128 45 17.1,자연림,거미,진드기,응애,19
95,강원도 강릉시 성산면 어흘리 대관령,20070605,20070619,37 41 24.6,128 45 17.1,자연림,거미,거미,,90
95,강원도 강릉시 성산면 어흘리 대관령,20070605,20070619,37 41 24.6,128 45 17.1,자연림,갑각,등각,,18
98,강원도 영월군 하동면 내리 원골재,20080528,20080608,37 05 2.2,128 43 24.9,조림지,지네,돌지네,,8
98,강원도 영월군 하동면 내리 원골재,20080528,20080608,37 05 2.2,128 43 24.9,조림지,노래기,곰보노래기,,1
98,강원도 영월군 하동면 내리 원골재,20080528,20080608,37 05 2.2,128 43 24.9,조림지,노래기,각시노래기,,1
98,강원도 영월군 하동면 내리 원골재,20080528,20080608,37 05 2.2,128 43 24.9,조림지,곤충,파리,,148
98,강원도 영월군 하동면 내리 원골재,20080528,20080608,37 05 2.2,128 43 24.9,조림지,곤충,톡토기,,37
98,강원도 영월군 하동면 내리 원골재,20080528,20080608,37 05 2.2,128 43 24.9,조림지,곤충,집게벌레,,3
98,강원도 영월군 하동면 내리 원골재,20080528,20080608,37 05 2.2,128 43 24.9,조림지,곤충,벌,,47
98,강원도 영월군 하동면 내리 원골재,20080528,20080608,37 05 2.2,128 43 24.9,조림지,곤충,벌,,17
98,강원도 영월군 하동면 내리 원골재,20080528,20080608,37 05 2.2,128 43 24.9,조림지,곤충,메뚜기,,3
98,강원도 영월군 하동면 내리 원골재,20080528,20080608,37 05 2.2,128 43 24.9,조림지,곤충,메뚜기,,4
98,강원도 영월군 하동면 내리 원골재,20080528,20080608,37 05 2.2,128 43 24.9,조림지,곤충,매미,,1
98,강원도 영월군 하동면 내리 원골재,20080528,20080608,37 05 2.2,128 43 24.9,조림지,곤충,매미,,2
98,강원도 영월군 하동면 내리 원골재,20080528,20080608,37 05 2.2,128 43 24.9,조림지,곤충,딱정벌레,,46
98,강원도 영월군 하동면 내리 원골재,20080528,20080608,37 05 2.2,128 43 24.9,조림지,곤충,딱정벌레,,3
98,강원도 영월군 하동면 내리 원골재,20080528,20080608,37 05 2.2,128 43 24.9,조림지,곤충,딱정벌레,,9
98,강원도 영월군 하동면 내리 원골재,20080528,20080608,37 05 2.2,128 43 24.9,조림지,곤충,딱정벌레,,3
98,강원도 영월군 하동면 내리 원골재,20080528,20080608,37 05 2.2,128 43 24.9,조림지,곤충,돌좀,,1
98,강원도 영월군 하동면 내리 원골재,20080528,20080608,37 05 2.2,128 43 24.9,조림지,곤충,노린재,,1
98,강원도 영월군 하동면 내리 원골재,20080528,20080608,37 05 2.2,128 43 24.9,조림지,곤충,나비,,4
98,강원도 영월군 하동면 내리 원골재,20080528,20080608,37 05 2.2,128 43 24.9,조림지,거미,장님거미,,35
98,강원도 영월군 하동면 내리 원골재,20080528,20080608,37 05 2.2,128 43 24.9,조림지,거미,진드기,응애,1
98,강원도 영월군 하동면 내리 원골재,20080528,20080608,37 05 2.2,128 43 24.9,조림지,거미,거미,,66
98,강원도 영월군 하동면 내리 원골재,20080528,20080608,37 05 2.2,128 43 24.9,조림지,갑각,등각,,102
124,경북 예천군 용문면 내지리 용문사부근,20080606,20080626,36 42 29.4,128 22 31.2,자연림,지네,돌지네,,1
124,경북 예천군 용문면 내지리 용문사부근,20080606,20080626,36 42 29.4,128 22 31.2,자연림,노래기,띠노래기,,6
124,경북 예천군 용문면 내지리 용문사부근,20080606,20080626,36 42 29.4,128 22 31.2,자연림,노래기,각시노래기,,3
124,경북 예천군 용문면 내지리 용문사부근,20080606,20080626,36 42 29.4,128 22 31.2,자연림,곤충,파리,,383
124,경북 예천군 용문면 내지리 용문사부근,20080606,20080626,36 42 29.4,128 22 31.2,자연림,곤충,톡토기,,102
124,경북 예천군 용문면 내지리 용문사부근,20080606,20080626,36 42 29.4,128 22 31.2,자연림,곤충,벌,,197
124,경북 예천군 용문면 내지리 용문사부근,20080606,20080626,36 42 29.4,128 22 31.2,자연림,곤충,벌,,15
124,경북 예천군 용문면 내지리 용문사부근,20080606,20080626,36 42 29.4,128 22 31.2,자연림,곤충,메뚜기,,18
124,경북 예천군 용문면 내지리 용문사부근,20080606,20080626,36 42 29.4,128 22 31.2,자연림,곤충,메뚜기,,1
124,경북 예천군 용문면 내지리 용문사부근,20080606,20080626,36 42 29.4,128 22 31.2,자연림,곤충,딱정벌레,,88
124,경북 예천군 용문면 내지리 용문사부근,20080606,20080626,36 42 29.4,128 22 31.2,자연림,곤충,딱정벌레,,20
124,경북 예천군 용문면 내지리 용문사부근,20080606,20080626,36 42 29.4,128 22 31.2,자연림,곤충,딱정벌레,,1
124,경북 예천군 용문면 내지리 용문사부근,20080606,20080626,36 42 29.4,128 22 31.2,자연림,곤충,돌좀,,4
124,경북 예천군 용문면 내지리 용문사부근,20080606,20080626,36 42 29.4,128 22 31.2,자연림,곤충,다듬이벌레,,1
124,경북 예천군 용문면 내지리 용문사부근,20080606,20080626,36 42 29.4,128 22 31.2,자연림,곤충,노린재,,1
124,경북 예천군 용문면 내지리 용문사부근,20080606,20080626,36 42 29.4,128 22 31.2,자연림,곤충,나비,,3
124,경북 예천군 용문면 내지리 용문사부근,20080606,20080626,36 42 29.4,128 22 31.2,자연림,거미,장님거미,,17
124,경북 예천군 용문면 내지리 용문사부근,20080606,20080626,36 42 29.4,128 22 31.2,자연림,거미,진드기,응애,21
124,경북 예천군 용문면 내지리 용문사부근,20080606,20080626,36 42 29.4,128 22 31.2,자연림,거미,거미,,119
125,경상북도 봉화군 물야면 오전리(오전 약수),20080528,20080608,36 57 37.3,128 44 34.7,조림지,지네,돌지네,,1
125,경상북도 봉화군 물야면 오전리(오전 약수),20080528,20080608,36 57 37.3,128 44 34.7,조림지,곤충,파리,,392
125,경상북도 봉화군 물야면 오전리(오전 약수),20080528,20080608,36 57 37.3,128 44 34.7,조림지,곤충,톡토기,,33
125,경상북도 봉화군 물야면 오전리(오전 약수),20080528,20080608,36 57 37.3,128 44 34.7,조림지,곤충,집게벌레,,2
125,경상북도 봉화군 물야면 오전리(오전 약수),20080528,20080608,36 57 37.3,128 44 34.7,조림지,곤충,벌,,39
125,경상북도 봉화군 물야면 오전리(오전 약수),20080528,20080608,36 57 37.3,128 44 34.7,조림지,곤충,벌,,8
125,경상북도 봉화군 물야면 오전리(오전 약수),20080528,20080608,36 57 37.3,128 44 34.7,조림지,곤충,바퀴,,1
125,경상북도 봉화군 물야면 오전리(오전 약수),20080528,20080608,36 57 37.3,128 44 34.7,조림지,곤충,노린재,,6
125,경상북도 봉화군 물야면 오전리(오전 약수),20080528,20080608,36 57 37.3,128 44 34.7,조림지,거미,거미,,90
125,경상북도 봉화군 물야면 오전리(오전 약수),20080528,20080608,36 57 37.3,128 44 34.7,조림지,거미,거미,,1
126,경북 봉화군 춘양면 석현리 각화사 부근,20080526,20080608,36 59 9.7,128 54 37.1,자연림>조림지,거미,거미,,115
126,경북 봉화군 춘양면 석현리 각화사 부근,20080526,20080608,36 59 9.7,128 54 37.1,자연림>조림지,거미,거미,,3
126,경북 봉화군 춘양면 석현리 각화사 부근,20080526,20080608,36 59 9.7,128 54 37.1,자연림>조림지,거미,거미,,74
127,경북 봉화군 소천면 분천리(분천역),20080526,20080608,36 56 7.8,129 02 14.8,자연림>조림지,거미,거미,,54
127,경북 봉화군 소천면 분천리(분천역),20080526,20080608,36 56 7.8,129 02 14.8,자연림>조림지,거미,거미,,2
127,경북 봉화군 소천면 분천리(분천역),20080526,20080608,36 56 7.8,129 02 14.8,자연림>조림지,거미,거미,,11
128,경상북도 영양군 일월면 도계리,20080527,20080607,36 42 20.4,129 06 56.4,자연림>조림지,거미,거미,,75
128,경상북도 영양군 일월면 도계리,20080527,20080607,36 42 20.4,129 06 56.4,자연림>조림지,거미,거미,,5
129,경북 울진군 서면 하원리 불영사,20080526,20080608,36 56 24.7,129 16 44.6,조림지,거미,거미,,78
129,경북 울진군 서면 하원리 불영사,20080526,20080608,36 56 24.7,129 16 44.6,조림지,거미,거미,,6
129,경북 울진군 서면 하원리 불영사,20080526,20080608,36 56 24.7,129 16 44.6,조림지,거미,거미,,25
129,경북 울진군 서면 하원리 불영사,20080526,20080608,36 56 24.7,129 16 44.6,조림지,거미,거미,,31
130,경북 문경시 호계면 부곡리,20080605,20080625,36 40 44.7,128 12 26.5,자연림,거미,거미,,33
130,경북 문경시 호계면 부곡리,20080605,20080625,36 40 44.7,128 12 26.5,자연림,거미,거미,,17
130,경북 문경시 호계면 부곡리,20080605,20080625,36 40 44.7,128 12 26.5,자연림,거미,거미,,62
131,경북 예천군 보문면 우래리 학가산우래 자연휴양림부,20080606,20080626,36 40 52.6,128 35 36.4,자연림,거미,거미,,54
131,경북 예천군 보문면 우래리 학가산우래 자연휴양림부,20080606,20080626,36 40 52.6,128 35 36.4,자연림,거미,거미,,167
131,경북 예천군 보문면 우래리 학가산우래 자연휴양림부,20080606,20080626,36 40 52.6,128 35 36.4,자연림,거미,거미,,2
132,경북 안동시 서후면 교리,20080606,20080626,36 35 39.3,128 40 44.3,자연림,거미,거미,,67
132,경북 안동시 서후면 교리,20080606,20080626,36 35 39.3,128 40 44.3,자연림,거미,거미,,99
132,경북 안동시 서후면 교리,20080606,20080626,36 35 39.3,128 40 44.3,자연림,거미,거미,,1
133,경북 영주시 평은면 오운리,20080606,20080626,36 45 32.5,128 43 56.3,자연림,거미,거미,,55
133,경북 영주시 평은면 오운리,20080606,20080626,36 45 32.5,128 43 56.3,자연림,거미,거미,,17
133,경북 영주시 평은면 오운리,20080606,20080626,36 45 32.5,128 43 56.3,자연림,거미,거미,,21
133,경북 영주시 평은면 오운리,20080606,20080626,36 45 32.5,128 43 56.3,자연림,거미,거미,,8
134,경상북도 봉화군 부석면 화천리,20080528,20080608,36 54 5.4,128 39 35.8,조림지,거미,거미,,80
134,경상북도 봉화군 부석면 화천리,20080528,20080608,36 54 5.4,128 39 35.8,조림지,거미,거미,,4
134,경상북도 봉화군 부석면 화천리,20080528,20080608,36 54 5.4,128 39 35.8,조림지,거미,거미,,1
135,경북 안동시 예안면 신남리 청량산 부근,20080528,20080607,36 45 03.4,128 57 04.3,자연림>조림지,거미,거미,,28
135,경북 안동시 예안면 신남리 청량산 부근,20080528,20080607,36 45 03.4,128 57 04.3,자연림>조림지,거미,거미,,4
135,경북 안동시 예안면 신남리 청량산 부근,20080528,20080607,36 45 03.4,128 57 04.3,자연림>조림지,거미,거미,,9
136,경상북도 봉화군 명호면 도천리,20080528,20080607,36 51 21.8,128 53 32,자연림 조림지,거미,거미,,41
136,경상북도 봉화군 명호면 도천리,20080528,20080607,36 51 21.8,128 53 32,자연림 조림지,거미,거미,,7
137,경북 울진군 온정면 외선미리 구주령휴게소,20080527,20080607,36 45 19.0,129 18 15.7,자연림,노래기,띠노래기,,1
137,경북 울진군 온정면 외선미리 구주령휴게소,20080527,20080607,36 45 19.0,129 18 15.7,자연림,곤충,바퀴,,1
137,경북 울진군 온정면 외선미리 구주령휴게소,20080527,20080607,36 45 19.0,129 18 15.7,자연림,곤충,밑들이,,1
137,경북 울진군 온정면 외선미리 구주령휴게소,20080527,20080607,36 45 19.0,129 18 15.7,자연림,곤충,메뚜기,,15
137,경북 울진군 온정면 외선미리 구주령휴게소,20080527,20080607,36 45 19.0,129 18 15.7,자연림,곤충,메뚜기,,2
137,경북 울진군 온정면 외선미리 구주령휴게소,20080527,20080607,36 45 19.0,129 18 15.7,자연림,곤충,매미,,2
137,경북 울진군 온정면 외선미리 구주령휴게소,20080527,20080607,36 45 19.0,129 18 15.7,자연림,곤충,매미,,2
137,경북 울진군 온정면 외선미리 구주령휴게소,20080527,20080607,36 45 19.0,129 18 15.7,자연림,곤충,딱정벌레,,58
137,경북 울진군 온정면 외선미리 구주령휴게소,20080527,20080607,36 45 19.0,129 18 15.7,자연림,곤충,딱정벌레,,20
137,경북 울진군 온정면 외선미리 구주령휴게소,20080527,20080607,36 45 19.0,129 18 15.7,자연림,곤충,딱정벌레,,5
137,경북 울진군 온정면 외선미리 구주령휴게소,20080527,20080607,36 45 19.0,129 18 15.7,자연림,곤충,돌좀,,9
137,경북 울진군 온정면 외선미리 구주령휴게소,20080527,20080607,36 45 19.0,129 18 15.7,자연림,곤충,다듬이벌레,,3
137,경북 울진군 온정면 외선미리 구주령휴게소,20080527,20080607,36 45 19.0,129 18 15.7,자연림,곤충,나비,,4
137,경북 울진군 온정면 외선미리 구주령휴게소,20080527,20080607,36 45 19.0,129 18 15.7,자연림,거미,장님거미,,12
137,경북 울진군 온정면 외선미리 구주령휴게소,20080527,20080607,36 45 19.0,129 18 15.7,자연림,거미,진드기,응애,15
137,경북 울진군 온정면 외선미리 구주령휴게소,20080527,20080607,36 45 19.0,129 18 15.7,자연림,거미,앉은뱅이,,1
137,경북 울진군 온정면 외선미리 구주령휴게소,20080527,20080607,36 45 19.0,129 18 15.7,자연림,거미,거미,,71
137,경북 울진군 온정면 외선미리 구주령휴게소,20080527,20080607,36 45 19.0,129 18 15.7,자연림,갑각,등각,,15
138,경상북도 영양군 입암면 감천2리,20080527,20080607,36 37 06.2,129 05 15.3,자연림,지네,돌지네,,1
138,경상북도 영양군 입암면 감천2리,20080527,20080607,36 37 06.2,129 05 15.3,자연림,노래기,띠노래기,,2
138,경상북도 영양군 입암면 감천2리,20080527,20080607,36 37 06.2,129 05 15.3,자연림,노래기,각시노래기,,11
138,경상북도 영양군 입암면 감천2리,20080527,20080607,36 37 06.2,129 05 15.3,자연림,곤충,파리,,269
138,경상북도 영양군 입암면 감천2리,20080527,20080607,36 37 06.2,129 05 15.3,자연림,곤충,톡토기,,22
138,경상북도 영양군 입암면 감천2리,20080527,20080607,36 37 06.2,129 05 15.3,자연림,곤충,집게벌레,,2
138,경상북도 영양군 입암면 감천2리,20080527,20080607,36 37 06.2,129 05 15.3,자연림,곤충,노린재,,1
138,경상북도 영양군 입암면 감천2리,20080527,20080607,36 37 06.2,129 05 15.3,자연림,거미,거미,,44
138,경상북도 영양군 입암면 감천2리,20080527,20080607,36 37 06.2,129 05 15.3,자연림,거미,거미,,27
138,경상북도 영양군 입암면 감천2리,20080527,20080607,36 37 06.2,129 05 15.3,자연림,거미,거미,,2
139,경상북도 영양군 수비면 수하리 연화사입구,20080527,20080607,36 46 19.2,129 13 26.7,조림지,거미,거미,,66
139,경상북도 영양군 수비면 수하리 연화사입구,20080527,20080607,36 46 19.2,129 13 26.7,조림지,거미,거미,,14
140,경북 상주시 낙동면 구봉리 심봉산,20080605,20080625,36 21 02.9,128 15 46.5,자연림,거미,거미,,47
140,경북 상주시 낙동면 구봉리 심봉산,20080605,20080625,36 21 02.9,128 15 46.5,자연림,거미,거미,,25
140,경북 상주시 낙동면 구봉리 심봉산,20080605,20080625,36 21 02.9,128 15 46.5,자연림,거미,거미,,8
141,경북 예천군 지보면 마전2리 연화산,20080606,20080626,36 31 48.7,128 22 46.3,자연림,거미,거미,,97
141,경북 예천군 지보면 마전2리 연화산,20080606,20080626,36 31 48.7,128 22 46.3,자연림,거미,거미,,53
141,경북 예천군 지보면 마전2리 연화산,20080606,20080626,36 31 48.7,128 22 46.3,자연림,거미,거미,,12
142,경북 안동시 일직면(광연리),20080606,20080626,36 25 57.8,128 39 41.9,자연림,거미,거미,,46
142,경북 안동시 일직면(광연리),20080606,20080626,36 25 57.8,128 39 41.9,자연림,거미,거미,,106
143,경북 영덕군 병곡면 아곡리 미륵골,20080623,20080708,36 35 39.5,129 23 51.6,자연림,거미,거미,,43
143,경북 영덕군 병곡면 아곡리 미륵골,20080623,20080708,36 35 39.5,129 23 51.6,자연림,거미,거미,,50
143,경북 영덕군 병곡면 아곡리 미륵골,20080623,20080708,36 35 39.5,129 23 51.6,자연림,거미,거미,,11
144,경북 김천시 감문면 광덕리,20080605,20080625,36 13 26.2,128 11 41.4,조림지,거미,거미,,63
145,경북 상주시 은척면 남곡리 성주봉 자연휴양림부근,20080605,20080625,36 32 01.8,128 01 43.1,자연림,거미,거미,,61
145,경북 상주시 은척면 남곡리 성주봉 자연휴양림부근,20080605,20080625,36 32 01.8,128 01 43.1,자연림,거미,거미,,1
145,경북 상주시 은척면 남곡리 성주봉 자연휴양림부근,20080605,20080625,36 32 01.8,128 01 43.1,자연림,거미,거미,,1
145,경북 상주시 은척면 남곡리 성주봉 자연휴양림부근,20080605,20080625,36 32 01.8,128 01 43.1,자연림,거미,거미,,75
145,경북 상주시 은척면 남곡리 성주봉 자연휴양림부근,20080605,20080625,36 32 01.8,128 01 43.1,자연림,거미,거미,,21
146,경북 구미시 도개면 다곡리 청화산 대양기업 부근,20080605,20080625,36 16 36.2,128 23 37.7,자연림,곤충,노린재,,4
146,경북 구미시 도개면 다곡리 청화산 대양기업 부근,20080605,20080625,36 16 36.2,128 23 37.7,자연림,거미,거미,,30
146,경북 구미시 도개면 다곡리 청화산 대양기업 부근,20080605,20080625,36 16 36.2,128 23 37.7,자연림,거미,거미,,41
146,경북 구미시 도개면 다곡리 청화산 대양기업 부근,20080605,20080625,36 16 36.2,128 23 37.7,자연림,거미,거미,,1
147,경북 의성군 사곡면 토현리 홑고개,20080607,20080624,36 17 42.2,128 43 52.5,자연림,거미,거미,,5
148,경북 안동시 길안면 묵계리 묵계서원 부근,20080607,20080624,36 24 31,128 54 51.4,자연림,거미,거미,,90
148,경북 안동시 길안면 묵계리 묵계서원 부근,20080607,20080624,36 24 31,128 54 51.4,자연림,거미,거미,,35
148,경북 안동시 길안면 묵계리 묵계서원 부근,20080607,20080624,36 24 31,128 54 51.4,자연림,거미,거미,,6
149,경북 청송군 청송읍 월막리 달기약수터,20080607,20080624,36 26 12.4,129 05 8.5,자연림,거미,거미,,85
149,경북 청송군 청송읍 월막리 달기약수터,20080607,20080624,36 26 12.4,129 05 8.5,자연림,거미,거미,,12
149,경북 청송군 청송읍 월막리 달기약수터,20080607,20080624,36 26 12.4,129 05 8.5,자연림,거미,거미,,6
150,경상북도 안동시 임동면 수곡리(아기산입구),20080528,20080608,36 32 40.9,128 55 33.4,자연림,거미,거미,,62
150,경상북도 안동시 임동면 수곡리(아기산입구),20080528,20080608,36 32 40.9,128 55 33.4,자연림,거미,거미,,14
150,경상북도 안동시 임동면 수곡리(아기산입구),20080528,20080608,36 32 40.9,128 55 33.4,자연림,거미,거미,,20
151,경북 영양군 석보면 포산리 포도산 주변,20080622,20080708,36 31 5.9,129 12 35.7,자연림,거미,거미,,49
151,경북 영양군 석보면 포산리 포도산 주변,20080622,20080708,36 31 5.9,129 12 35.7,자연림,거미,거미,,8
151,경북 영양군 석보면 포산리 포도산 주변,20080622,20080708,36 31 5.9,129 12 35.7,자연림,거미,거미,,1
152,경북 영덕군 강구면 삼직리 진등재,20080622,20080708,36 22 38.6,129 20 1.3,자연림,거미,거미,,49
152,경북 영덕군 강구면 삼직리 진등재,20080622,20080708,36 22 38.6,129 20 1.3,자연림,거미,거미,,26
152,경북 영덕군 강구면 삼직리 진등재,20080622,20080708,36 22 38.6,129 20 1.3,자연림,거미,거미,,1
153,경북 영덕군 창수면 창수리 창수령,20080622,20080708,36 36 33.0,129 14 25.7,자연림,거미,거미,,26
153,경북 영덕군 창수면 창수리 창수령,20080622,20080708,36 36 33.0,129 14 25.7,자연림,거미,거미,,22
153,경북 영덕군 창수면 창수리 창수령,20080622,20080708,36 36 33.0,129 14 25.7,자연림,거미,거미,,19
154,경북 김천시 감천면 무안리,20080605,20080625,36 02 56.4,128 10 03.8,자연림,거미,거미,,36
154,경북 김천시 감천면 무안리,20080605,20080625,36 02 56.4,128 10 03.8,자연림,거미,거미,,17
154,경북 김천시 감천면 무안리,20080605,20080625,36 02 56.4,128 10 03.8,자연림,거미,거미,,40
154,경북 김천시 감천면 무안리,20080605,20080625,36 02 56.4,128 10 03.8,자연림,거미,거미,,2
155,경북 구미시 남통동 금오산매표소,20080604,20080624,36 06 23.3,128 18 40.8,자연림,거미,거미,,34
155,경북 구미시 남통동 금오산매표소,20080604,20080624,36 06 23.3,128 18 40.8,자연림,거미,거미,,2
155,경북 구미시 남통동 금오산매표소,20080604,20080624,36 06 23.3,128 18 40.8,자연림,거미,거미,,165
156,경북 군위군 군위읍 사직리,20080606,20080624,36 13 36.0,128 33 14.6,조림지>자연림,거미,거미,,132
156,경북 군위군 군위읍 사직리,20080606,20080624,36 13 36.0,128 33 14.6,조림지>자연림,거미,거미,,24
156,경북 군위군 군위읍 사직리,20080606,20080624,36 13 36.0,128 33 14.6,조림지>자연림,거미,거미,,7
157,경북 영천시 자양면 성곡리 영천호 주변,20080621,20080707,36 04 6.4,129 0 13.2,자연림,거미,거미,,51
157,경북 영천시 자양면 성곡리 영천호 주변,20080621,20080707,36 04 6.4,129 0 13.2,자연림,거미,거미,,54
157,경북 영천시 자양면 성곡리 영천호 주변,20080621,20080707,36 04 6.4,129 0 13.2,자연림,거미,거미,,2
158,경북 청송군 안덕면 근곡리 감포고개,20080607,20080624,36 19 52,128 59 6.9,자연림,거미,거미,,57
158,경북 청송군 안덕면 근곡리 감포고개,20080607,20080624,36 19 52,128 59 6.9,자연림,거미,거미,,52
158,경북 청송군 안덕면 근곡리 감포고개,20080607,20080624,36 19 52,128 59 6.9,자연림,거미,거미,,1
159,경북 포항시 송라면 광천리 보경사 입구,20080622,20080708,36 14 18.2,129 19 43.7,자연림,거미,거미,,70
159,경북 포항시 송라면 광천리 보경사 입구,20080622,20080708,36 14 18.2,129 19 43.7,자연림,거미,거미,,3
159,경북 포항시 송라면 광천리 보경사 입구,20080622,20080708,36 14 18.2,129 19 43.7,자연림,거미,거미,,4
160,경상북도 성주군 금수면 명천리,20080703,20080727,35 54 50.6,128 11 19.6,조림지,거미,거미,,118
160,경상북도 성주군 금수면 명천리,20080703,20080727,35 54 50.6,128 11 19.6,조림지,거미,거미,,10
161,경북 칠곡군 동명면 남원리 팔공산 새터재부근,20080604,20080624,36 01 01.0,128 35 34.5,조림지,거미,거미,,25
161,경북 칠곡군 동명면 남원리 팔공산 새터재부근,20080604,20080624,36 01 01.0,128 35 34.5,조림지,거미,거미,,156
161,경북 칠곡군 동명면 남원리 팔공산 새터재부근,20080604,20080624,36 01 01.0,128 35 34.5,조림지,거미,거미,,3
168,경북 칠곡군 왜관읍 반계리 송정자연휴양림,20080604,20080624,36 01 15.1,128 26 47.1,자연림,거미,거미,,50
168,경북 칠곡군 왜관읍 반계리 송정자연휴양림,20080604,20080624,36 01 15.1,128 26 47.1,자연림,거미,거미,,9
168,경북 칠곡군 왜관읍 반계리 송정자연휴양림,20080604,20080624,36 01 15.1,128 26 47.1,자연림,거미,거미,,2
169,경상북도 고령군 운수면 봉평리 의봉산 부근,20080703,20080725,35 47 21.1,128 18 8.9,자연림,거미,거미,,75
169,경상북도 고령군 운수면 봉평리 의봉산 부근,20080703,20080725,35 47 21.1,128 18 8.9,자연림,거미,거미,,2
169,경상북도 고령군 운수면 봉평리 의봉산 부근,20080703,20080725,35 47 21.1,128 18 8.9,자연림,거미,거미,,3
172,경북 포항시 대송면 남성1리,20080622,20080707,35 58 24.2,129 21 18.9,자연림,거미,거미,,37
172,경북 포항시 대송면 남성1리,20080622,20080707,35 58 24.2,129 21 18.9,자연림,거미,거미,,10
173,경북 경주시 안강읍 매봉산 입구,20080621,20080707,35 58 59.6,129 12 55.8,자연림,거미,거미,,96
173,경북 경주시 안강읍 매봉산 입구,20080621,20080707,35 58 59.6,129 12 55.8,자연림,거미,거미,,22
178,경북 경주시 진현동 토함산,20080621,20080707,35 47 3.1,129 20 32.1,자연림,거미,거미,,88
178,경북 경주시 진현동 토함산,20080621,20080707,35 47 3.1,129 20 32.1,자연림,거미,거미,,3
178,경북 경주시 진현동 토함산,20080621,20080707,35 47 3.1,129 20 32.1,자연림,거미,거미,,1
179,경상남도 거창군 웅양면 노현리,20080703,20080726,35 48 45.5,127 55 25.1,자연림,거미,거미,,179
179,경상남도 거창군 웅양면 노현리,20080703,20080726,35 48 45.5,127 55 25.1,자연림,거미,거미,,2
179,경상남도 거창군 웅양면 노현리,20080703,20080726,35 48 45.5,127 55 25.1,자연림,거미,거미,,10
179,경상남도 거창군 웅양면 노현리,20080703,20080726,35 48 45.5,127 55 25.1,자연림,거미,거미,,4
180,경남 함양군 서하면 송계리,20080704,20080727,35 39 15.1,127 41 27.5,자연림,거미,거미,,92
181,경남 함양군 수동면 함양분기점 부근,20080704,20080727,35 31 30.6,127 48 21.8,자연림,거미,거미,,91
181,경남 함양군 수동면 함양분기점 부근,20080704,20080727,35 31 30.6,127 48 21.8,자연림,거미,거미,,1
181,경남 함양군 수동면 함양분기점 부근,20080704,20080727,35 31 30.6,127 48 21.8,자연림,거미,거미,,6
181,경남 함양군 수동면 함양분기점 부근,20080704,20080727,35 31 30.6,127 48 21.8,자연림,거미,거미,,1
182,경남 거창군 위천면 상천리 금원산 자연휴양림 부근,20080704,20080727,35 43 52.5,127 48 49.7,자연림,거미,거미,,91
182,경남 거창군 위천면 상천리 금원산 자연휴양림 부근,20080704,20080727,35 43 52.5,127 48 49.7,자연림,거미,거미,,2
183,경남 합천군 봉산면 고삼리 봉두산,20080704,20080726,35 33 49.02,128 04 11.52,자연림,거미,거미,,177
183,경남 합천군 봉산면 고삼리 봉두산,20080704,20080726,35 33 49.02,128 04 11.52,자연림,거미,거미,,2
183,경남 합천군 봉산면 고삼리 봉두산,20080704,20080726,35 33 49.02,128 04 11.52,자연림,거미,거미,,40
183,경남 합천군 봉산면 고삼리 봉두산,20080704,20080726,35 33 49.02,128 04 11.52,자연림,거미,거미,,4
184,경남 합천군 가회면 함방리 구평,20080704,20080726,35 24 57.7,128 1 17.3,자연림,거미,거미,,126
184,경남 합천군 가회면 함방리 구평,20080704,20080726,35 24 57.7,128 1 17.3,자연림,거미,거미,,4
185,경상북도 고령군 쌍림면 신곡2리 기미재 부근,20080703,20080725,35 38 50,128 15 15.9,자연림,거미,거미,,141
185,경상북도 고령군 쌍림면 신곡2리 기미재 부근,20080703,20080725,35 38 50,128 15 15.9,자연림,거미,거미,,2
186,경상남도 창녕군 창령읍 말흘리 화왕산,20080619,20080702,35 32 19.2,128 30 59.9,자연림,거미,거미,,16
186,경상남도 창녕군 창령읍 말흘리 화왕산,20080619,20080702,35 32 19.2,128 30 59.9,자연림,거미,거미,,1
186,경상남도 창녕군 창령읍 말흘리 화왕산,20080619,20080702,35 32 19.2,128 30 59.9,자연림,거미,거미,,10
187,경북 청도군 화양읍 칠성리,20080619,20080702,35 39 12.3,128 41 53.6,자연림,거미,거미,,41
187,경북 청도군 화양읍 칠성리,20080619,20080702,35 39 12.3,128 41 53.6,자연림,거미,거미,,11
187,경북 청도군 화양읍 칠성리,20080619,20080702,35 39 12.3,128 41 53.6,자연림,거미,거미,,1
188,경북 경산시 용성면 송림리 용성리 근처,20080621,20080701,35 48 18.2,128 54 48.3,조림지&gt;자연림,거미,거미,,51
188,경북 경산시 용성면 송림리 용성리 근처,20080621,20080701,35 48 18.2,128 54 48.3,조림지&gt;자연림,거미,거미,,7
188,경북 경산시 용성면 송림리 용성리 근처,20080621,20080701,35 48 18.2,128 54 48.3,조림지&gt;자연림,거미,거미,,1
189,경북 영천시 북안면 상리 밤재 부근,20080621,20080621,35 50 34.8,128 59 53.1,자연림,거미,거미,,47
189,경북 영천시 북안면 상리 밤재 부근,20080621,20080621,35 50 34.8,128 59 53.1,자연림,거미,거미,,8
189,경북 영천시 북안면 상리 밤재 부근,20080621,20080621,35 50 34.8,128 59 53.1,자연림,거미,거미,,1
190,울산광역시 울주군 삼남면 방기리 취서산 입구,20080620,20080707,35 30 25.8,129 04 23.7,자연림,거미,거미,,37
190,울산광역시 울주군 삼남면 방기리 취서산 입구,20080620,20080707,35 30 25.8,129 04 23.7,자연림,거미,거미,,4
190,울산광역시 울주군 삼남면 방기리 취서산 입구,20080620,20080707,35 30 25.8,129 04 23.7,자연림,거미,거미,,2
200,경남 산청군 산청읍 송경리,20080704,20080726,35 26 44.6,127 54 35.4,자연림,거미,거미,,147
200,경남 산청군 산청읍 송경리,20080704,20080726,35 26 44.6,127 54 35.4,자연림,거미,거미,,9
201,경남 의령군 지정면 유곡리 백산고개 운남사 부근,20080706,20080725,35 26 7.8,128 22 5,자연림,거미,거미,,178
201,경남 의령군 지정면 유곡리 백산고개 운남사 부근,20080706,20080725,35 26 7.8,128 22 5,자연림,거미,거미,,15
202,경남 의령군 용덕면 연리,20080706,20080725,35 21 31.5,128 17 41.6,자연림,거미,거미,,115
202,경남 의령군 용덕면 연리,20080706,20080725,35 21 31.5,128 17 41.6,자연림,거미,거미,,1
203,경상남도 합천군 청덕면 가현리 성산 부근,20080703,20080725,35 33 44.7,128 20 19,자연림,거미,거미,,51
203,경상남도 합천군 청덕면 가현리 성산 부근,20080703,20080725,35 33 44.7,128 20 19,자연림,거미,거미,,2
203,경상남도 합천군 청덕면 가현리 성산 부근,20080703,20080725,35 33 44.7,128 20 19,자연림,거미,거미,,1
204,경상남도 창녕군 영산면 덕곡리 원앙고개,20080620,20080702,35 26 25.7,128 34 22.0,자연림 조림지,거미,거미,,71
204,경상남도 창녕군 영산면 덕곡리 원앙고개,20080620,20080702,35 26 25.7,128 34 22.0,자연림 조림지,거미,거미,,1
205,경상남도 창원시 진영읍 방동리,20080620,20080706,35 17 4.8,128 42 49,조림지,거미,거미,,65
205,경상남도 창원시 진영읍 방동리,20080620,20080706,35 17 4.8,128 42 49,조림지,거미,거미,,23
206,경상남도 밀양시 삼량진읍 용성리 부상래 부근,20080620,20080706,35 25 08.20,128 48 39.37,자연림 조림지,거미,거미,,34
206,경상남도 밀양시 삼량진읍 용성리 부상래 부근,20080620,20080706,35 25 08.20,128 48 39.37,자연림 조림지,거미,거미,,25
207,경남 양산시 상북면 석계리 천성산 입구,20080620,20080707,35 25 19.0,129 04 12.6,자연림,거미,거미,,47
207,경남 양산시 상북면 석계리 천성산 입구,20080620,20080707,35 25 19.0,129 04 12.6,자연림,거미,거미,,83
208,경북 경주시 현곡면 하구리,20080521,20080707,35 52 57.1,129 10 21.6,자연림,거미,거미,,78
208,경북 경주시 현곡면 하구리,20080521,20080707,35 52 57.1,129 10 21.6,자연림,거미,거미,,12
208,경북 경주시 현곡면 하구리,20080521,20080707,35 52 57.1,129 10 21.6,자연림,거미,거미,,6
209,경남 의령군 화정면 상정리 자르테고개,20080705,20080725,35 15 52.7,128 11 19.1,자연림,거미,거미,,258
209,경남 의령군 화정면 상정리 자르테고개,20080705,20080725,35 15 52.7,128 11 19.1,자연림,거미,거미,,5
209,경남 의령군 화정면 상정리 자르테고개,20080705,20080725,35 15 52.7,128 11 19.1,자연림,거미,거미,,6
210,경남 진주시 수곡면 사곡리 덕곡마을 하경복묘 부근,20080705,20080726,35 12 36.5,127 55 41.3,자연림,거미,거미,,166
210,경남 진주시 수곡면 사곡리 덕곡마을 하경복묘 부근,20080705,20080726,35 12 36.5,127 55 41.3,자연림,거미,거미,,6
210,경남 진주시 수곡면 사곡리 덕곡마을 하경복묘 부근,20080705,20080726,35 12 36.5,127 55 41.3,자연림,거미,거미,,1
211,경남 산청군 신안면 하정리 적벽산 부근,20080704,20080726,35 18 40.3,127 59 31.4,자연림,거미,거미,,176
211,경남 산청군 신안면 하정리 적벽산 부근,20080704,20080726,35 18 40.3,127 59 31.4,자연림,거미,거미,,1
211,경남 산청군 신안면 하정리 적벽산 부근,20080704,20080726,35 18 40.3,127 59 31.4,자연림,거미,거미,,10
211,경남 산청군 신안면 하정리 적벽산 부근,20080704,20080726,35 18 40.3,127 59 31.4,자연림,거미,거미,,2
213,경남 김해시 상동면 상동 장척계곡입구,20080620,20080707,35 18 0.6,128 55 58.7,조림지 자연림,거미,거미,,51
213,경남 김해시 상동면 상동 장척계곡입구,20080620,20080707,35 18 0.6,128 55 58.7,조림지 자연림,거미,거미,,1
213,경남 김해시 상동면 상동 장척계곡입구,20080620,20080707,35 18 0.6,128 55 58.7,조림지 자연림,거미,거미,,2
214,경남 양산시 원동면 용당리 천태산,20080620,20080706,35 23 49.5,128 53 23.3,자연림,거미,거미,,52
214,경남 양산시 원동면 용당리 천태산,20080620,20080706,35 23 49.5,128 53 23.3,자연림,거미,거미,,1
214,경남 양산시 원동면 용당리 천태산,20080620,20080706,35 23 49.5,128 53 23.3,자연림,거미,거미,,7
214,경남 양산시 원동면 용당리 천태산,20080620,20080706,35 23 49.5,128 53 23.3,자연림,거미,거미,,1
215,경남 하동군 북천면 사평리 북천사 부근,20080705,20080726,35 6 24.2,127 52 35.5,자연림,거미,거미,,36
216,경남 진주시 금산면 갈전리,20080705,20080725,35 10 39.9,128 9 15.7,자연림,거미,거미,,151
216,경남 진주시 금산면 갈전리,20080705,20080725,35 10 39.9,128 9 15.7,자연림,거미,거미,,1
216,경남 진주시 금산면 갈전리,20080705,20080725,35 10 39.9,128 9 15.7,자연림,거미,거미,,1
217,경남 고성군 대가면 신전리 혼돈산,20080705,20080725,35 5 54.8,128 15 41.5,자연림,거미,거미,,80
217,경남 고성군 대가면 신전리 혼돈산,20080705,20080725,35 5 54.8,128 15 41.5,자연림,거미,거미,,163
218,경남 고성군 개천면 예성리 연화산 도립공원,20080705,20080725,35 5 11.2,128 15 17,자연림,거미,거미,,158
218,경남 고성군 개천면 예성리 연화산 도립공원,20080705,20080725,35 5 11.2,128 15 17,자연림,거미,거미,,1
219,경남 거창군 가조면 수월리 고경사 주변,20080806,20080819,35 44 0.3,128 2 34.4,자연림,거미,거미,,50
219,경남 거창군 가조면 수월리 고경사 주변,20080806,20080819,35 44 0.3,128 2 34.4,자연림,거미,거미,,1
219,경남 거창군 가조면 수월리 고경사 주변,20080806,20080819,35 44 0.3,128 2 34.4,자연림,거미,거미,,2
221,경남 고성군 거류면 은월리 엄홍길전시관 거류산 부,20080705,20080725,34 58 8.9,128 23 17.1,자연림,거미,거미,,148
221,경남 고성군 거류면 은월리 엄홍길전시관 거류산 부,20080705,20080725,34 58 8.9,128 23 17.1,자연림,거미,거미,,1
222,경남 통영시 용남면 장문리 이봉산,20080706,20080725,34 52 38.7,128 27 11.2,자연림,거미,거미,,61
222,경남 통영시 용남면 장문리 이봉산,20080706,20080725,34 52 38.7,128 27 11.2,자연림,거미,거미,,1
223,경남 거제시 동부면 부춘리 거제자연휴양림 부근,20080706,20080725,34 47 25.5,128 38 21.6,자연림,거미,거미,,124
223,경남 거제시 동부면 부춘리 거제자연휴양림 부근,20080706,20080725,34 47 25.5,128 38 21.6,자연림,거미,거미,,3
224,경남 거제시 거제면 옥산리 계룡산 입구 팥골재,20080706,20080725,34 52 41.3,128 34 40.9,자연림,거미,거미,,168
224,경남 거제시 거제면 옥산리 계룡산 입구 팥골재,20080706,20080725,34 52 41.3,128 34 40.9,자연림,거미,거미,,2
224,경남 거제시 거제면 옥산리 계룡산 입구 팥골재,20080706,20080725,34 52 41.3,128 34 40.9,자연림,거미,거미,,1
228,경기 오산 송리라이프 연수원죽바위산,20070620,,37 09 28.3,127 06 17.6,조림지,거미,거미,,22
228,경기 오산 송리라이프 연수원죽바위산,20070620,,37 09 28.3,127 06 17.6,조림지,거미,거미,,56
229,경기 평택 양감 고령 덕지사동두천강,20070620,,37 03 27.2,126 56 11.7,조림지,거미,거미,,57
229,경기 평택 양감 고령 덕지사동두천강,20070620,,37 03 27.2,126 56 11.7,조림지,거미,거미,,9
230,강원 횡성군 횡성읍 옥동리 원국사,20070619,,37 30 49.3,128 02 21.3,조림지,거미,거미,,72
230,강원 횡성군 횡성읍 옥동리 원국사,20070619,,37 30 49.3,128 02 21.3,조림지,거미,거미,,117
230,강원 횡성군 횡성읍 옥동리 원국사,20070619,,37 30 49.3,128 02 21.3,조림지,거미,거미,,17
231,강원 횡성 둔내면 석문리 둔내초교,20070619,,37 30 47.7,128 13 14.3,자연림,거미,거미,,53
231,강원 횡성 둔내면 석문리 둔내초교,20070619,,37 30 47.7,128 13 14.3,자연림,거미,거미,,96
231,강원 횡성 둔내면 석문리 둔내초교,20070619,,37 30 47.7,128 13 14.3,자연림,거미,거미,,11
232,강원도 횡성 우천면 오원리 산 28-1 오원저수지 하,20070619,,37 26 07.7,128 06 15.4,자연림,거미,거미,,53
232,강원도 횡성 우천면 오원리 산 28-1 오원저수지 하,20070619,,37 26 07.7,128 06 15.4,자연림,거미,거미,,20
232,강원도 횡성 우천면 오원리 산 28-1 오원저수지 하,20070619,,37 26 07.7,128 06 15.4,자연림,거미,거미,,9
233,강원 평창 대화면 대화리 상대화 마을 뒷편 송림,20070619,,37 30 25.8,128 27 32.9,자연림조림지,거미,거미,,101
233,강원 평창 대화면 대화리 상대화 마을 뒷편 송림,20070619,,37 30 25.8,128 27 32.9,자연림조림지,거미,거미,,18
233,강원 평창 대화면 대화리 상대화 마을 뒷편 송림,20070619,,37 30 25.8,128 27 32.9,자연림조림지,거미,거미,,11
234,강원 정선 통면 북동리 문치 고개마루,20070620,,37 21 45.8,128 47 58.3,자연림,거미,거미,,43
234,강원 정선 통면 북동리 문치 고개마루,20070620,,37 21 45.8,128 47 58.3,자연림,거미,거미,,35
234,강원 정선 통면 북동리 문치 고개마루,20070620,,37 21 45.8,128 47 58.3,자연림,거미,거미,,16
235,강원 정선 임계 덕암리 벌문재,20070620,,37 21 17.2,128 49 51.4,조림지,거미,거미,,35
235,강원 정선 임계 덕암리 벌문재,20070620,,37 21 17.2,128 49 51.4,조림지,거미,거미,,3
235,강원 정선 임계 덕암리 벌문재,20070620,,37 21 17.2,128 49 51.4,조림지,거미,거미,,27
236,강원 삼척시 하장면 광동리 하장 중고교,20070620,,37 21 06.5,128 56 12.8,조림지,거미,거미,,63
236,강원 삼척시 하장면 광동리 하장 중고교,20070620,,37 21 06.5,128 56 12.8,조림지,거미,거미,,2
236,강원 삼척시 하장면 광동리 하장 중고교,20070620,,37 21 06.5,128 56 12.8,조림지,거미,거미,,9
237,강원 삼척시 하장면 번천 댓재댓재 휴게소에서 200,20070620,,37 22 58.4,129 00 52.8,자연림조림지,거미,거미,,61
237,강원 삼척시 하장면 번천 댓재댓재 휴게소에서 200,20070620,,37 22 58.4,129 00 52.8,자연림조림지,거미,거미,,6
237,강원 삼척시 하장면 번천 댓재댓재 휴게소에서 200,20070620,,37 22 58.4,129 00 52.8,자연림조림지,거미,거미,,16
240,충청북도 음성군 생극면 차곡리 수레의산 자연휴양림,20090518,20090529,37 02 5.0,127 38 44.3,자연림,거미,거미,,146
240,충청북도 음성군 생극면 차곡리 수레의산 자연휴양림,20090518,20090529,37 02 5.0,127 38 44.3,자연림,거미,거미,,205
241,충북 음성군 소이면 비산리 미타사,20090518,20090529,36 57 5.5,127 44 31.4,자연림,곤충,벌,,50
241,충북 음성군 소이면 비산리 미타사,20090518,20090529,36 57 5.5,127 44 31.4,자연림,곤충,벌,,36
241,충북 음성군 소이면 비산리 미타사,20090518,20090529,36 57 5.5,127 44 31.4,자연림,곤충,메뚜기,,22
241,충북 음성군 소이면 비산리 미타사,20090518,20090529,36 57 5.5,127 44 31.4,자연림,곤충,메뚜기,,1
241,충북 음성군 소이면 비산리 미타사,20090518,20090529,36 57 5.5,127 44 31.4,자연림,곤충,메뚜기,,7
241,충북 음성군 소이면 비산리 미타사,20090518,20090529,36 57 5.5,127 44 31.4,자연림,곤충,매미,,11
241,충북 음성군 소이면 비산리 미타사,20090518,20090529,36 57 5.5,127 44 31.4,자연림,곤충,매미,,1
241,충북 음성군 소이면 비산리 미타사,20090518,20090529,36 57 5.5,127 44 31.4,자연림,곤충,딱정벌레,,17
241,충북 음성군 소이면 비산리 미타사,20090518,20090529,36 57 5.5,127 44 31.4,자연림,곤충,딱정벌레,,12
241,충북 음성군 소이면 비산리 미타사,20090518,20090529,36 57 5.5,127 44 31.4,자연림,곤충,딱정벌레,,2
241,충북 음성군 소이면 비산리 미타사,20090518,20090529,36 57 5.5,127 44 31.4,자연림,곤충,딱정벌레,,21
241,충북 음성군 소이면 비산리 미타사,20090518,20090529,36 57 5.5,127 44 31.4,자연림,곤충,돌좀,,3
241,충북 음성군 소이면 비산리 미타사,20090518,20090529,36 57 5.5,127 44 31.4,자연림,곤충,다듬이벌레,,6
241,충북 음성군 소이면 비산리 미타사,20090518,20090529,36 57 5.5,127 44 31.4,자연림,곤충,노린재,,7
241,충북 음성군 소이면 비산리 미타사,20090518,20090529,36 57 5.5,127 44 31.4,자연림,곤충,노린재,,3
241,충북 음성군 소이면 비산리 미타사,20090518,20090529,36 57 5.5,127 44 31.4,자연림,거미,장님거미,,51
241,충북 음성군 소이면 비산리 미타사,20090518,20090529,36 57 5.5,127 44 31.4,자연림,거미,거미,,114
241,충북 음성군 소이면 비산리 미타사,20090518,20090529,36 57 5.5,127 44 31.4,자연림,거미,거미,,6
241,충북 음성군 소이면 비산리 미타사,20090518,20090529,36 57 5.5,127 44 31.4,자연림,갑각,등각,,10
242,충북 괴산군 문광면 광덕3리(광덕4구),20090518,20090529,36 46 41.4,127 46 48.6,자연림,지네,그리마,,4
242,충북 괴산군 문광면 광덕3리(광덕4구),20090518,20090529,36 46 41.4,127 46 48.6,자연림,노래기,띠노래기,,9
242,충북 괴산군 문광면 광덕3리(광덕4구),20090518,20090529,36 46 41.4,127 46 48.6,자연림,노래기,곰보노래기,,8
242,충북 괴산군 문광면 광덕3리(광덕4구),20090518,20090529,36 46 41.4,127 46 48.6,자연림,곤충,파리,,101
242,충북 괴산군 문광면 광덕3리(광덕4구),20090518,20090529,36 46 41.4,127 46 48.6,자연림,곤충,톡토기,,33
242,충북 괴산군 문광면 광덕3리(광덕4구),20090518,20090529,36 46 41.4,127 46 48.6,자연림,곤충,벌,,35
242,충북 괴산군 문광면 광덕3리(광덕4구),20090518,20090529,36 46 41.4,127 46 48.6,자연림,곤충,벌,,58
242,충북 괴산군 문광면 광덕3리(광덕4구),20090518,20090529,36 46 41.4,127 46 48.6,자연림,곤충,메뚜기,,5
242,충북 괴산군 문광면 광덕3리(광덕4구),20090518,20090529,36 46 41.4,127 46 48.6,자연림,곤충,메뚜기,,12
242,충북 괴산군 문광면 광덕3리(광덕4구),20090518,20090529,36 46 41.4,127 46 48.6,자연림,곤충,메뚜기,,2
242,충북 괴산군 문광면 광덕3리(광덕4구),20090518,20090529,36 46 41.4,127 46 48.6,자연림,곤충,매미,,2
242,충북 괴산군 문광면 광덕3리(광덕4구),20090518,20090529,36 46 41.4,127 46 48.6,자연림,곤충,딱정벌레,,15
242,충북 괴산군 문광면 광덕3리(광덕4구),20090518,20090529,36 46 41.4,127 46 48.6,자연림,곤충,딱정벌레,,67
242,충북 괴산군 문광면 광덕3리(광덕4구),20090518,20090529,36 46 41.4,127 46 48.6,자연림,곤충,딱정벌레,,42
242,충북 괴산군 문광면 광덕3리(광덕4구),20090518,20090529,36 46 41.4,127 46 48.6,자연림,곤충,돌좀,,3
242,충북 괴산군 문광면 광덕3리(광덕4구),20090518,20090529,36 46 41.4,127 46 48.6,자연림,곤충,노린재,,8
242,충북 괴산군 문광면 광덕3리(광덕4구),20090518,20090529,36 46 41.4,127 46 48.6,자연림,곤충,나비,,1
242,충북 괴산군 문광면 광덕3리(광덕4구),20090518,20090529,36 46 41.4,127 46 48.6,자연림,거미,장님거미,,10
242,충북 괴산군 문광면 광덕3리(광덕4구),20090518,20090529,36 46 41.4,127 46 48.6,자연림,거미,진드기,응애,25
242,충북 괴산군 문광면 광덕3리(광덕4구),20090518,20090529,36 46 41.4,127 46 48.6,자연림,거미,거미,,126
242,충북 괴산군 문광면 광덕3리(광덕4구),20090518,20090529,36 46 41.4,127 46 48.6,자연림,갑각,등각,,3
243,충남 천안시 성거읍 소우리,20090519,20090529,36 52 10.3,127 10 41.1,조림지,노래기,각시노래기,,33
243,충남 천안시 성거읍 소우리,20090519,20090529,36 52 10.3,127 10 41.1,조림지,곤충,파리,,224
243,충남 천안시 성거읍 소우리,20090519,20090529,36 52 10.3,127 10 41.1,조림지,곤충,톡토기,,7
243,충남 천안시 성거읍 소우리,20090519,20090529,36 52 10.3,127 10 41.1,조림지,곤충,집게벌레,,2
243,충남 천안시 성거읍 소우리,20090519,20090529,36 52 10.3,127 10 41.1,조림지,곤충,벌,,50
243,충남 천안시 성거읍 소우리,20090519,20090529,36 52 10.3,127 10 41.1,조림지,곤충,벌,,18
243,충남 천안시 성거읍 소우리,20090519,20090529,36 52 10.3,127 10 41.1,조림지,곤충,바퀴,,1
243,충남 천안시 성거읍 소우리,20090519,20090529,36 52 10.3,127 10 41.1,조림지,곤충,매미,,5
243,충남 천안시 성거읍 소우리,20090519,20090529,36 52 10.3,127 10 41.1,조림지,곤충,딱정벌레,,53
243,충남 천안시 성거읍 소우리,20090519,20090529,36 52 10.3,127 10 41.1,조림지,곤충,딱정벌레,,46
243,충남 천안시 성거읍 소우리,20090519,20090529,36 52 10.3,127 10 41.1,조림지,곤충,딱정벌레,,1
243,충남 천안시 성거읍 소우리,20090519,20090529,36 52 10.3,127 10 41.1,조림지,곤충,딱정벌레,,39
243,충남 천안시 성거읍 소우리,20090519,20090529,36 52 10.3,127 10 41.1,조림지,곤충,나비,,2
243,충남 천안시 성거읍 소우리,20090519,20090529,36 52 10.3,127 10 41.1,조림지,거미,거미,,264
243,충남 천안시 성거읍 소우리,20090519,20090529,36 52 10.3,127 10 41.1,조림지,갑각,등각,,2
244,충남 천안시 병천면 가전2리 보문사옆,20090519,20090529,36 46 12.3,127 17 8.6,자연림,지네,왕지네,,1
244,충남 천안시 병천면 가전2리 보문사옆,20090519,20090529,36 46 12.3,127 17 8.6,자연림,지네,그리마,,1
244,충남 천안시 병천면 가전2리 보문사옆,20090519,20090529,36 46 12.3,127 17 8.6,자연림,노래기,띠노래기,,1
244,충남 천안시 병천면 가전2리 보문사옆,20090519,20090529,36 46 12.3,127 17 8.6,자연림,노래기,각시노래기,,6
244,충남 천안시 병천면 가전2리 보문사옆,20090519,20090529,36 46 12.3,127 17 8.6,자연림,곤충,파리,,289
244,충남 천안시 병천면 가전2리 보문사옆,20090519,20090529,36 46 12.3,127 17 8.6,자연림,곤충,톡토기,,6
244,충남 천안시 병천면 가전2리 보문사옆,20090519,20090529,36 46 12.3,127 17 8.6,자연림,곤충,집게벌레,,1
244,충남 천안시 병천면 가전2리 보문사옆,20090519,20090529,36 46 12.3,127 17 8.6,자연림,곤충,벌,,95
244,충남 천안시 병천면 가전2리 보문사옆,20090519,20090529,36 46 12.3,127 17 8.6,자연림,곤충,벌,,109
244,충남 천안시 병천면 가전2리 보문사옆,20090519,20090529,36 46 12.3,127 17 8.6,자연림,곤충,바퀴,,1
244,충남 천안시 병천면 가전2리 보문사옆,20090519,20090529,36 46 12.3,127 17 8.6,자연림,곤충,메뚜기,,30
244,충남 천안시 병천면 가전2리 보문사옆,20090519,20090529,36 46 12.3,127 17 8.6,자연림,곤충,메뚜기,,1
244,충남 천안시 병천면 가전2리 보문사옆,20090519,20090529,36 46 12.3,127 17 8.6,자연림,곤충,매미,,3
244,충남 천안시 병천면 가전2리 보문사옆,20090519,20090529,36 46 12.3,127 17 8.6,자연림,곤충,딱정벌레,,168
244,충남 천안시 병천면 가전2리 보문사옆,20090519,20090529,36 46 12.3,127 17 8.6,자연림,곤충,딱정벌레,,25
244,충남 천안시 병천면 가전2리 보문사옆,20090519,20090529,36 46 12.3,127 17 8.6,자연림,곤충,딱정벌레,,42
244,충남 천안시 병천면 가전2리 보문사옆,20090519,20090529,36 46 12.3,127 17 8.6,자연림,곤충,딱정벌레,,28
244,충남 천안시 병천면 가전2리 보문사옆,20090519,20090529,36 46 12.3,127 17 8.6,자연림,곤충,돌좀,,8
244,충남 천안시 병천면 가전2리 보문사옆,20090519,20090529,36 46 12.3,127 17 8.6,자연림,곤충,다듬이벌레,,8
244,충남 천안시 병천면 가전2리 보문사옆,20090519,20090529,36 46 12.3,127 17 8.6,자연림,거미,장님거미,,2
244,충남 천안시 병천면 가전2리 보문사옆,20090519,20090529,36 46 12.3,127 17 8.6,자연림,거미,진드기,응애,8
244,충남 천안시 병천면 가전2리 보문사옆,20090519,20090529,36 46 12.3,127 17 8.6,자연림,거미,거미,,107
244,충남 천안시 병천면 가전2리 보문사옆,20090519,20090529,36 46 12.3,127 17 8.6,자연림,갑각,등각,,11
245,충북 진천군 초평면 용정리 두타산 부근,20090519,20090529,36 49 3.6,127 31 51.4,자연림,노래기,띠노래기,,2
245,충북 진천군 초평면 용정리 두타산 부근,20090519,20090529,36 49 3.6,127 31 51.4,자연림,노래기,곰보노래기,,3
245,충북 진천군 초평면 용정리 두타산 부근,20090519,20090529,36 49 3.6,127 31 51.4,자연림,곤충,파리,,44
245,충북 진천군 초평면 용정리 두타산 부근,20090519,20090529,36 49 3.6,127 31 51.4,자연림,곤충,톡토기,,32
245,충북 진천군 초평면 용정리 두타산 부근,20090519,20090529,36 49 3.6,127 31 51.4,자연림,곤충,벌,,25
245,충북 진천군 초평면 용정리 두타산 부근,20090519,20090529,36 49 3.6,127 31 51.4,자연림,곤충,벌,,70
245,충북 진천군 초평면 용정리 두타산 부근,20090519,20090529,36 49 3.6,127 31 51.4,자연림,곤충,메뚜기,,8
245,충북 진천군 초평면 용정리 두타산 부근,20090519,20090529,36 49 3.6,127 31 51.4,자연림,곤충,메뚜기,,6
245,충북 진천군 초평면 용정리 두타산 부근,20090519,20090529,36 49 3.6,127 31 51.4,자연림,곤충,딱정벌레,,18
245,충북 진천군 초평면 용정리 두타산 부근,20090519,20090529,36 49 3.6,127 31 51.4,자연림,곤충,딱정벌레,,16
245,충북 진천군 초평면 용정리 두타산 부근,20090519,20090529,36 49 3.6,127 31 51.4,자연림,곤충,딱정벌레,,22
245,충북 진천군 초평면 용정리 두타산 부근,20090519,20090529,36 49 3.6,127 31 51.4,자연림,곤충,돌좀,,4
245,충북 진천군 초평면 용정리 두타산 부근,20090519,20090529,36 49 3.6,127 31 51.4,자연림,곤충,노린재,,5
245,충북 진천군 초평면 용정리 두타산 부근,20090519,20090529,36 49 3.6,127 31 51.4,자연림,곤충,나비,,1
245,충북 진천군 초평면 용정리 두타산 부근,20090519,20090529,36 49 3.6,127 31 51.4,자연림,거미,거미,,65
245,충북 진천군 초평면 용정리 두타산 부근,20090519,20090529,36 49 3.6,127 31 51.4,자연림,갑각,등각,,6
246,충북 청원군 내수읍 덕암리 운보집 주변,20090519,20090529,36 41 44.4,127 33 9.6,자연림,노래기,띠노래기,,1
246,충북 청원군 내수읍 덕암리 운보집 주변,20090519,20090529,36 41 44.4,127 33 9.6,자연림,곤충,파리,,250
246,충북 청원군 내수읍 덕암리 운보집 주변,20090519,20090529,36 41 44.4,127 33 9.6,자연림,곤충,톡토기,,15
246,충북 청원군 내수읍 덕암리 운보집 주변,20090519,20090529,36 41 44.4,127 33 9.6,자연림,곤충,집게벌레,,27
246,충북 청원군 내수읍 덕암리 운보집 주변,20090519,20090529,36 41 44.4,127 33 9.6,자연림,곤충,벌,,58
246,충북 청원군 내수읍 덕암리 운보집 주변,20090519,20090529,36 41 44.4,127 33 9.6,자연림,곤충,벌,,110
246,충북 청원군 내수읍 덕암리 운보집 주변,20090519,20090529,36 41 44.4,127 33 9.6,자연림,곤충,메뚜기,,1
246,충북 청원군 내수읍 덕암리 운보집 주변,20090519,20090529,36 41 44.4,127 33 9.6,자연림,곤충,딱정벌레,,19
246,충북 청원군 내수읍 덕암리 운보집 주변,20090519,20090529,36 41 44.4,127 33 9.6,자연림,곤충,딱정벌레,,9
246,충북 청원군 내수읍 덕암리 운보집 주변,20090519,20090529,36 41 44.4,127 33 9.6,자연림,곤충,딱정벌레,,3
246,충북 청원군 내수읍 덕암리 운보집 주변,20090519,20090529,36 41 44.4,127 33 9.6,자연림,곤충,딱정벌레,,6
246,충북 청원군 내수읍 덕암리 운보집 주변,20090519,20090529,36 41 44.4,127 33 9.6,자연림,거미,진드기,응애,10
246,충북 청원군 내수읍 덕암리 운보집 주변,20090519,20090529,36 41 44.4,127 33 9.6,자연림,거미,거미,,48
247,충북 청원군 가덕면 계산리 (계산리 오층석탑),20090519,20090529,36 33 2.5,127 34 18.3,조림지,노래기,띠노래기,,5
247,충북 청원군 가덕면 계산리 (계산리 오층석탑),20090519,20090529,36 33 2.5,127 34 18.3,조림지,노래기,곰보노래기,,1
247,충북 청원군 가덕면 계산리 (계산리 오층석탑),20090519,20090529,36 33 2.5,127 34 18.3,조림지,노래기,각시노래기,,9
247,충북 청원군 가덕면 계산리 (계산리 오층석탑),20090519,20090529,36 33 2.5,127 34 18.3,조림지,곤충,파리,,45
247,충북 청원군 가덕면 계산리 (계산리 오층석탑),20090519,20090529,36 33 2.5,127 34 18.3,조림지,곤충,톡토기,,15
247,충북 청원군 가덕면 계산리 (계산리 오층석탑),20090519,20090529,36 33 2.5,127 34 18.3,조림지,곤충,벌,,26
247,충북 청원군 가덕면 계산리 (계산리 오층석탑),20090519,20090529,36 33 2.5,127 34 18.3,조림지,곤충,벌,,41
247,충북 청원군 가덕면 계산리 (계산리 오층석탑),20090519,20090529,36 33 2.5,127 34 18.3,조림지,곤충,메뚜기,,1
247,충북 청원군 가덕면 계산리 (계산리 오층석탑),20090519,20090529,36 33 2.5,127 34 18.3,조림지,곤충,메뚜기,,2
247,충북 청원군 가덕면 계산리 (계산리 오층석탑),20090519,20090529,36 33 2.5,127 34 18.3,조림지,곤충,메뚜기,,1
247,충북 청원군 가덕면 계산리 (계산리 오층석탑),20090519,20090529,36 33 2.5,127 34 18.3,조림지,곤충,매미,,1
247,충북 청원군 가덕면 계산리 (계산리 오층석탑),20090519,20090529,36 33 2.5,127 34 18.3,조림지,곤충,매미,,4
247,충북 청원군 가덕면 계산리 (계산리 오층석탑),20090519,20090529,36 33 2.5,127 34 18.3,조림지,곤충,딱정벌레,,16
247,충북 청원군 가덕면 계산리 (계산리 오층석탑),20090519,20090529,36 33 2.5,127 34 18.3,조림지,곤충,딱정벌레,,17
247,충북 청원군 가덕면 계산리 (계산리 오층석탑),20090519,20090529,36 33 2.5,127 34 18.3,조림지,곤충,딱정벌레,,13
247,충북 청원군 가덕면 계산리 (계산리 오층석탑),20090519,20090529,36 33 2.5,127 34 18.3,조림지,곤충,돌좀,,9
247,충북 청원군 가덕면 계산리 (계산리 오층석탑),20090519,20090529,36 33 2.5,127 34 18.3,조림지,곤충,노린재,,1
247,충북 청원군 가덕면 계산리 (계산리 오층석탑),20090519,20090529,36 33 2.5,127 34 18.3,조림지,거미,장님거미,,2
247,충북 청원군 가덕면 계산리 (계산리 오층석탑),20090519,20090529,36 33 2.5,127 34 18.3,조림지,거미,진드기,응애,7
247,충북 청원군 가덕면 계산리 (계산리 오층석탑),20090519,20090529,36 33 2.5,127 34 18.3,조림지,거미,거미,,30
247,충북 청원군 가덕면 계산리 (계산리 오층석탑),20090519,20090529,36 33 2.5,127 34 18.3,조림지,갑각,등각,,37
257,전남 당양군 고서면 금현리 광주댐부근,20090527,20090610,35 11 48.5,126 58 35.3,조림지,노래기,띠노래기,,2
257,전남 당양군 고서면 금현리 광주댐부근,20090527,20090610,35 11 48.5,126 58 35.3,조림지,노래기,곰보노래기,,1
257,전남 당양군 고서면 금현리 광주댐부근,20090527,20090610,35 11 48.5,126 58 35.3,조림지,노래기,각시노래기,,18
257,전남 당양군 고서면 금현리 광주댐부근,20090527,20090610,35 11 48.5,126 58 35.3,조림지,곤충,파리,,92
257,전남 당양군 고서면 금현리 광주댐부근,20090527,20090610,35 11 48.5,126 58 35.3,조림지,곤충,톡토기,,101
257,전남 당양군 고서면 금현리 광주댐부근,20090527,20090610,35 11 48.5,126 58 35.3,조림지,곤충,집게벌레,,3
257,전남 당양군 고서면 금현리 광주댐부근,20090527,20090610,35 11 48.5,126 58 35.3,조림지,곤충,벌,,105
257,전남 당양군 고서면 금현리 광주댐부근,20090527,20090610,35 11 48.5,126 58 35.3,조림지,곤충,벌,,20
257,전남 당양군 고서면 금현리 광주댐부근,20090527,20090610,35 11 48.5,126 58 35.3,조림지,곤충,메뚜기,,8
257,전남 당양군 고서면 금현리 광주댐부근,20090527,20090610,35 11 48.5,126 58 35.3,조림지,곤충,딱정벌레,,41
257,전남 당양군 고서면 금현리 광주댐부근,20090527,20090610,35 11 48.5,126 58 35.3,조림지,곤충,딱정벌레,,10
257,전남 당양군 고서면 금현리 광주댐부근,20090527,20090610,35 11 48.5,126 58 35.3,조림지,곤충,딱정벌레,,1
257,전남 당양군 고서면 금현리 광주댐부근,20090527,20090610,35 11 48.5,126 58 35.3,조림지,곤충,돌좀,,12
257,전남 당양군 고서면 금현리 광주댐부근,20090527,20090610,35 11 48.5,126 58 35.3,조림지,곤충,노린재,,6
257,전남 당양군 고서면 금현리 광주댐부근,20090527,20090610,35 11 48.5,126 58 35.3,조림지,곤충,나비,,2
257,전남 당양군 고서면 금현리 광주댐부근,20090527,20090610,35 11 48.5,126 58 35.3,조림지,거미,장님거미,,2
257,전남 당양군 고서면 금현리 광주댐부근,20090527,20090610,35 11 48.5,126 58 35.3,조림지,거미,진드기,응애,2
257,전남 당양군 고서면 금현리 광주댐부근,20090527,20090610,35 11 48.5,126 58 35.3,조림지,거미,거미,,127
257,전남 당양군 고서면 금현리 광주댐부근,20090527,20090610,35 11 48.5,126 58 35.3,조림지,갑각,등각,,137
258,전남 당양군 담양읍 향교리,20090527,20090610,35 19 41.7,126 59 09.7,자연림,지네,돌지네,,1
258,전남 당양군 담양읍 향교리,20090527,20090610,35 19 41.7,126 59 09.7,자연림,노래기,각시노래기,,7
258,전남 당양군 담양읍 향교리,20090527,20090610,35 19 41.7,126 59 09.7,자연림,곤충,파리,,191
258,전남 당양군 담양읍 향교리,20090527,20090610,35 19 41.7,126 59 09.7,자연림,곤충,톡토기,,89
258,전남 당양군 담양읍 향교리,20090527,20090610,35 19 41.7,126 59 09.7,자연림,곤충,집게벌레,,2
258,전남 당양군 담양읍 향교리,20090527,20090610,35 19 41.7,126 59 09.7,자연림,곤충,벌,,119
258,전남 당양군 담양읍 향교리,20090527,20090610,35 19 41.7,126 59 09.7,자연림,곤충,벌,,28
258,전남 당양군 담양읍 향교리,20090527,20090610,35 19 41.7,126 59 09.7,자연림,곤충,바퀴,,12
258,전남 당양군 담양읍 향교리,20090527,20090610,35 19 41.7,126 59 09.7,자연림,곤충,메뚜기,,2
258,전남 당양군 담양읍 향교리,20090527,20090610,35 19 41.7,126 59 09.7,자연림,곤충,딱정벌레,,169
258,전남 당양군 담양읍 향교리,20090527,20090610,35 19 41.7,126 59 09.7,자연림,곤충,딱정벌레,,21
258,전남 당양군 담양읍 향교리,20090527,20090610,35 19 41.7,126 59 09.7,자연림,곤충,딱정벌레,,2
258,전남 당양군 담양읍 향교리,20090527,20090610,35 19 41.7,126 59 09.7,자연림,곤충,노린재,,6
258,전남 당양군 담양읍 향교리,20090527,20090610,35 19 41.7,126 59 09.7,자연림,곤충,나비,,3
258,전남 당양군 담양읍 향교리,20090527,20090610,35 19 41.7,126 59 09.7,자연림,거미,진드기,응애,6
258,전남 당양군 담양읍 향교리,20090527,20090610,35 19 41.7,126 59 09.7,자연림,거미,거미,,97
258,전남 당양군 담양읍 향교리,20090527,20090610,35 19 41.7,126 59 09.7,자연림,갑각,등각,,46
259,충청북도 옥천군 동이면 금암리 금강유원지 부근,20090528,20090611,36 17 18.3,127 38 46.5,자연림,노래기,각시노래기,,2
259,충청북도 옥천군 동이면 금암리 금강유원지 부근,20090528,20090611,36 17 18.3,127 38 46.5,자연림,곤충,파리,,697
259,충청북도 옥천군 동이면 금암리 금강유원지 부근,20090528,20090611,36 17 18.3,127 38 46.5,자연림,곤충,톡토기,,25
259,충청북도 옥천군 동이면 금암리 금강유원지 부근,20090528,20090611,36 17 18.3,127 38 46.5,자연림,곤충,벌,,159
259,충청북도 옥천군 동이면 금암리 금강유원지 부근,20090528,20090611,36 17 18.3,127 38 46.5,자연림,곤충,벌,,58
259,충청북도 옥천군 동이면 금암리 금강유원지 부근,20090528,20090611,36 17 18.3,127 38 46.5,자연림,곤충,바퀴,,1
259,충청북도 옥천군 동이면 금암리 금강유원지 부근,20090528,20090611,36 17 18.3,127 38 46.5,자연림,곤충,메뚜기,,50
259,충청북도 옥천군 동이면 금암리 금강유원지 부근,20090528,20090611,36 17 18.3,127 38 46.5,자연림,곤충,메뚜기,,2
259,충청북도 옥천군 동이면 금암리 금강유원지 부근,20090528,20090611,36 17 18.3,127 38 46.5,자연림,곤충,매미,,1
259,충청북도 옥천군 동이면 금암리 금강유원지 부근,20090528,20090611,36 17 18.3,127 38 46.5,자연림,곤충,딱정벌레,,113
259,충청북도 옥천군 동이면 금암리 금강유원지 부근,20090528,20090611,36 17 18.3,127 38 46.5,자연림,곤충,딱정벌레,,49
259,충청북도 옥천군 동이면 금암리 금강유원지 부근,20090528,20090611,36 17 18.3,127 38 46.5,자연림,곤충,딱정벌레,,1
259,충청북도 옥천군 동이면 금암리 금강유원지 부근,20090528,20090611,36 17 18.3,127 38 46.5,자연림,곤충,딱정벌레,,37
259,충청북도 옥천군 동이면 금암리 금강유원지 부근,20090528,20090611,36 17 18.3,127 38 46.5,자연림,곤충,돌좀,,3
259,충청북도 옥천군 동이면 금암리 금강유원지 부근,20090528,20090611,36 17 18.3,127 38 46.5,자연림,곤충,다듬이벌레,,8
259,충청북도 옥천군 동이면 금암리 금강유원지 부근,20090528,20090611,36 17 18.3,127 38 46.5,자연림,곤충,노린재,,1
259,충청북도 옥천군 동이면 금암리 금강유원지 부근,20090528,20090611,36 17 18.3,127 38 46.5,자연림,곤충,나비,,1
259,충청북도 옥천군 동이면 금암리 금강유원지 부근,20090528,20090611,36 17 18.3,127 38 46.5,자연림,거미,장님거미,,11
259,충청북도 옥천군 동이면 금암리 금강유원지 부근,20090528,20090611,36 17 18.3,127 38 46.5,자연림,거미,진드기,응애,5
259,충청북도 옥천군 동이면 금암리 금강유원지 부근,20090528,20090611,36 17 18.3,127 38 46.5,자연림,거미,거미,,129
259,충청북도 옥천군 동이면 금암리 금강유원지 부근,20090528,20090611,36 17 18.3,127 38 46.5,자연림,갑각,등각,,18
260,충청북도 옥천군 안내면 동대리 덕대산,20090528,20090611,36 24 42.4,127 40 30.3,자연림,노래기,띠노래기,,4
260,충청북도 옥천군 안내면 동대리 덕대산,20090528,20090611,36 24 42.4,127 40 30.3,자연림,노래기,곰보노래기,,1
260,충청북도 옥천군 안내면 동대리 덕대산,20090528,20090611,36 24 42.4,127 40 30.3,자연림,노래기,각시노래기,,3
260,충청북도 옥천군 안내면 동대리 덕대산,20090528,20090611,36 24 42.4,127 40 30.3,자연림,곤충,파리,,380
260,충청북도 옥천군 안내면 동대리 덕대산,20090528,20090611,36 24 42.4,127 40 30.3,자연림,곤충,톡토기,,19
260,충청북도 옥천군 안내면 동대리 덕대산,20090528,20090611,36 24 42.4,127 40 30.3,자연림,곤충,집게벌레,,2
260,충청북도 옥천군 안내면 동대리 덕대산,20090528,20090611,36 24 42.4,127 40 30.3,자연림,곤충,벌,,241
260,충청북도 옥천군 안내면 동대리 덕대산,20090528,20090611,36 24 42.4,127 40 30.3,자연림,곤충,벌,,31
260,충청북도 옥천군 안내면 동대리 덕대산,20090528,20090611,36 24 42.4,127 40 30.3,자연림,곤충,바퀴,,2
260,충청북도 옥천군 안내면 동대리 덕대산,20090528,20090611,36 24 42.4,127 40 30.3,자연림,곤충,메뚜기,,34
260,충청북도 옥천군 안내면 동대리 덕대산,20090528,20090611,36 24 42.4,127 40 30.3,자연림,곤충,메뚜기,,9
260,충청북도 옥천군 안내면 동대리 덕대산,20090528,20090611,36 24 42.4,127 40 30.3,자연림,곤충,매미,,9
260,충청북도 옥천군 안내면 동대리 덕대산,20090528,20090611,36 24 42.4,127 40 30.3,자연림,곤충,딱정벌레,,487
260,충청북도 옥천군 안내면 동대리 덕대산,20090528,20090611,36 24 42.4,127 40 30.3,자연림,곤충,딱정벌레,,216
260,충청북도 옥천군 안내면 동대리 덕대산,20090528,20090611,36 24 42.4,127 40 30.3,자연림,곤충,딱정벌레,,81
260,충청북도 옥천군 안내면 동대리 덕대산,20090528,20090611,36 24 42.4,127 40 30.3,자연림,곤충,돌좀,,7
260,충청북도 옥천군 안내면 동대리 덕대산,20090528,20090611,36 24 42.4,127 40 30.3,자연림,곤충,다듬이벌레,,3
260,충청북도 옥천군 안내면 동대리 덕대산,20090528,20090611,36 24 42.4,127 40 30.3,자연림,곤충,노린재,,12
260,충청북도 옥천군 안내면 동대리 덕대산,20090528,20090611,36 24 42.4,127 40 30.3,자연림,곤충,나비,,2
260,충청북도 옥천군 안내면 동대리 덕대산,20090528,20090611,36 24 42.4,127 40 30.3,자연림,거미,장님거미,,12
260,충청북도 옥천군 안내면 동대리 덕대산,20090528,20090611,36 24 42.4,127 40 30.3,자연림,거미,진드기,응애,133
260,충청북도 옥천군 안내면 동대리 덕대산,20090528,20090611,36 24 42.4,127 40 30.3,자연림,거미,거미,,110
260,충청북도 옥천군 안내면 동대리 덕대산,20090528,20090611,36 24 42.4,127 40 30.3,자연림,갑각,등각,,6
261,전남 담양군 대전면 한재(병풍산 입구),20090610,20090626,35 18 35.2,126 52 39.8,자연림,노래기,띠노래기,,9
261,전남 담양군 대전면 한재(병풍산 입구),20090610,20090626,35 18 35.2,126 52 39.8,자연림,노래기,곰보노래기,,2
261,전남 담양군 대전면 한재(병풍산 입구),20090610,20090626,35 18 35.2,126 52 39.8,자연림,곤충,파리,,3
261,전남 담양군 대전면 한재(병풍산 입구),20090610,20090626,35 18 35.2,126 52 39.8,자연림,곤충,파리,,113
261,전남 담양군 대전면 한재(병풍산 입구),20090610,20090626,35 18 35.2,126 52 39.8,자연림,곤충,톡토기,,73
261,전남 담양군 대전면 한재(병풍산 입구),20090610,20090626,35 18 35.2,126 52 39.8,자연림,곤충,벌,,214
261,전남 담양군 대전면 한재(병풍산 입구),20090610,20090626,35 18 35.2,126 52 39.8,자연림,곤충,벌,,47
261,전남 담양군 대전면 한재(병풍산 입구),20090610,20090626,35 18 35.2,126 52 39.8,자연림,곤충,메뚜기,,34
261,전남 담양군 대전면 한재(병풍산 입구),20090610,20090626,35 18 35.2,126 52 39.8,자연림,곤충,메뚜기,,8
261,전남 담양군 대전면 한재(병풍산 입구),20090610,20090626,35 18 35.2,126 52 39.8,자연림,곤충,매미,,2
261,전남 담양군 대전면 한재(병풍산 입구),20090610,20090626,35 18 35.2,126 52 39.8,자연림,곤충,딱정벌레,,7
261,전남 담양군 대전면 한재(병풍산 입구),20090610,20090626,35 18 35.2,126 52 39.8,자연림,곤충,딱정벌레,,60
261,전남 담양군 대전면 한재(병풍산 입구),20090610,20090626,35 18 35.2,126 52 39.8,자연림,곤충,딱정벌레,,33
261,전남 담양군 대전면 한재(병풍산 입구),20090610,20090626,35 18 35.2,126 52 39.8,자연림,곤충,돌좀,,4
261,전남 담양군 대전면 한재(병풍산 입구),20090610,20090626,35 18 35.2,126 52 39.8,자연림,곤충,다듬이벌레,,2
261,전남 담양군 대전면 한재(병풍산 입구),20090610,20090626,35 18 35.2,126 52 39.8,자연림,곤충,노린재,,28
261,전남 담양군 대전면 한재(병풍산 입구),20090610,20090626,35 18 35.2,126 52 39.8,자연림,곤충,나비,,3
261,전남 담양군 대전면 한재(병풍산 입구),20090610,20090626,35 18 35.2,126 52 39.8,자연림,거미,장님거미,,83
261,전남 담양군 대전면 한재(병풍산 입구),20090610,20090626,35 18 35.2,126 52 39.8,자연림,거미,장님거미,,6
261,전남 담양군 대전면 한재(병풍산 입구),20090610,20090626,35 18 35.2,126 52 39.8,자연림,거미,진드기,응애,2
261,전남 담양군 대전면 한재(병풍산 입구),20090610,20090626,35 18 35.2,126 52 39.8,자연림,거미,거미,,32
261,전남 담양군 대전면 한재(병풍산 입구),20090610,20090626,35 18 35.2,126 52 39.8,자연림,갑각,등각,,124
262,전북 정읍시 내장상동 영월봉 부근,20090610,20090626,35 28 44.5,126 55 53.3,자연림,노래기,띠노래기,,3
262,전북 정읍시 내장상동 영월봉 부근,20090610,20090626,35 28 44.5,126 55 53.3,자연림,노래기,각시노래기,,2
262,전북 정읍시 내장상동 영월봉 부근,20090610,20090626,35 28 44.5,126 55 53.3,자연림,곤충,파리,,1
262,전북 정읍시 내장상동 영월봉 부근,20090610,20090626,35 28 44.5,126 55 53.3,자연림,곤충,파리,,1
262,전북 정읍시 내장상동 영월봉 부근,20090610,20090626,35 28 44.5,126 55 53.3,자연림,곤충,파리,,126
262,전북 정읍시 내장상동 영월봉 부근,20090610,20090626,35 28 44.5,126 55 53.3,자연림,곤충,톡토기,,64
262,전북 정읍시 내장상동 영월봉 부근,20090610,20090626,35 28 44.5,126 55 53.3,자연림,곤충,벌,,25
262,전북 정읍시 내장상동 영월봉 부근,20090610,20090626,35 28 44.5,126 55 53.3,자연림,곤충,벌,,49
262,전북 정읍시 내장상동 영월봉 부근,20090610,20090626,35 28 44.5,126 55 53.3,자연림,곤충,메뚜기,,4
262,전북 정읍시 내장상동 영월봉 부근,20090610,20090626,35 28 44.5,126 55 53.3,자연림,곤충,메뚜기,,3
262,전북 정읍시 내장상동 영월봉 부근,20090610,20090626,35 28 44.5,126 55 53.3,자연림,곤충,매미,,17
262,전북 정읍시 내장상동 영월봉 부근,20090610,20090626,35 28 44.5,126 55 53.3,자연림,곤충,딱정벌레,,15
262,전북 정읍시 내장상동 영월봉 부근,20090610,20090626,35 28 44.5,126 55 53.3,자연림,곤충,딱정벌레,,31
262,전북 정읍시 내장상동 영월봉 부근,20090610,20090626,35 28 44.5,126 55 53.3,자연림,곤충,딱정벌레,,77
262,전북 정읍시 내장상동 영월봉 부근,20090610,20090626,35 28 44.5,126 55 53.3,자연림,곤충,돌좀,,9
262,전북 정읍시 내장상동 영월봉 부근,20090610,20090626,35 28 44.5,126 55 53.3,자연림,곤충,다듬이벌레,,3
262,전북 정읍시 내장상동 영월봉 부근,20090610,20090626,35 28 44.5,126 55 53.3,자연림,곤충,노린재,,7
262,전북 정읍시 내장상동 영월봉 부근,20090610,20090626,35 28 44.5,126 55 53.3,자연림,거미,장님거미,,11
262,전북 정읍시 내장상동 영월봉 부근,20090610,20090626,35 28 44.5,126 55 53.3,자연림,거미,진드기,응애,2
262,전북 정읍시 내장상동 영월봉 부근,20090610,20090626,35 28 44.5,126 55 53.3,자연림,거미,거미,,25
262,전북 정읍시 내장상동 영월봉 부근,20090610,20090626,35 28 44.5,126 55 53.3,자연림,갑각,등각,,18
263,전북 정읍시 망제동 천곡사지7층석탑,20090610,20090626,35 36 46.4,126 49 46.6,자연림,지네,땅지네,,7
263,전북 정읍시 망제동 천곡사지7층석탑,20090610,20090626,35 36 46.4,126 49 46.6,자연림,지네,돌지네,,3
263,전북 정읍시 망제동 천곡사지7층석탑,20090610,20090626,35 36 46.4,126 49 46.6,자연림,곤충,파리,,1
263,전북 정읍시 망제동 천곡사지7층석탑,20090610,20090626,35 36 46.4,126 49 46.6,자연림,곤충,파리,,36
263,전북 정읍시 망제동 천곡사지7층석탑,20090610,20090626,35 36 46.4,126 49 46.6,자연림,곤충,집게벌레,,2
263,전북 정읍시 망제동 천곡사지7층석탑,20090610,20090626,35 36 46.4,126 49 46.6,자연림,곤충,벌,,40
263,전북 정읍시 망제동 천곡사지7층석탑,20090610,20090626,35 36 46.4,126 49 46.6,자연림,곤충,벌,,20
263,전북 정읍시 망제동 천곡사지7층석탑,20090610,20090626,35 36 46.4,126 49 46.6,자연림,곤충,바퀴,,1
263,전북 정읍시 망제동 천곡사지7층석탑,20090610,20090626,35 36 46.4,126 49 46.6,자연림,곤충,메뚜기,,9
263,전북 정읍시 망제동 천곡사지7층석탑,20090610,20090626,35 36 46.4,126 49 46.6,자연림,곤충,메뚜기,,2
263,전북 정읍시 망제동 천곡사지7층석탑,20090610,20090626,35 36 46.4,126 49 46.6,자연림,곤충,딱정벌레,,43
263,전북 정읍시 망제동 천곡사지7층석탑,20090610,20090626,35 36 46.4,126 49 46.6,자연림,곤충,딱정벌레,,30
263,전북 정읍시 망제동 천곡사지7층석탑,20090610,20090626,35 36 46.4,126 49 46.6,자연림,곤충,딱정벌레,,10
263,전북 정읍시 망제동 천곡사지7층석탑,20090610,20090626,35 36 46.4,126 49 46.6,자연림,곤충,노린재,,44
263,전북 정읍시 망제동 천곡사지7층석탑,20090610,20090626,35 36 46.4,126 49 46.6,자연림,거미,거미,,48
263,전북 정읍시 망제동 천곡사지7층석탑,20090610,20090626,35 36 46.4,126 49 46.6,자연림,갑각,등각,,27
264,전북 김제시 금산면 삼봉리,20090610,20090626,35 44 15.0,127 00 21.5,자연림,지네,땅지네,,1
264,전북 김제시 금산면 삼봉리,20090610,20090626,35 44 15.0,127 00 21.5,자연림,지네,돌지네,,2
264,전북 김제시 금산면 삼봉리,20090610,20090626,35 44 15.0,127 00 21.5,자연림,노래기,각시노래기,,1
264,전북 김제시 금산면 삼봉리,20090610,20090626,35 44 15.0,127 00 21.5,자연림,곤충,파리,,19
264,전북 김제시 금산면 삼봉리,20090610,20090626,35 44 15.0,127 00 21.5,자연림,곤충,파리,,301
264,전북 김제시 금산면 삼봉리,20090610,20090626,35 44 15.0,127 00 21.5,자연림,곤충,톡토기,,230
264,전북 김제시 금산면 삼봉리,20090610,20090626,35 44 15.0,127 00 21.5,자연림,곤충,집게벌레,,6
264,전북 김제시 금산면 삼봉리,20090610,20090626,35 44 15.0,127 00 21.5,자연림,곤충,사마귀,,1
264,전북 김제시 금산면 삼봉리,20090610,20090626,35 44 15.0,127 00 21.5,자연림,곤충,벌,,135
264,전북 김제시 금산면 삼봉리,20090610,20090626,35 44 15.0,127 00 21.5,자연림,곤충,벌,,37
264,전북 김제시 금산면 삼봉리,20090610,20090626,35 44 15.0,127 00 21.5,자연림,곤충,바퀴,,1
264,전북 김제시 금산면 삼봉리,20090610,20090626,35 44 15.0,127 00 21.5,자연림,곤충,메뚜기,,66
264,전북 김제시 금산면 삼봉리,20090610,20090626,35 44 15.0,127 00 21.5,자연림,곤충,메뚜기,,1
264,전북 김제시 금산면 삼봉리,20090610,20090626,35 44 15.0,127 00 21.5,자연림,곤충,매미,,1
264,전북 김제시 금산면 삼봉리,20090610,20090626,35 44 15.0,127 00 21.5,자연림,곤충,매미,,2
264,전북 김제시 금산면 삼봉리,20090610,20090626,35 44 15.0,127 00 21.5,자연림,곤충,딱정벌레,,11
264,전북 김제시 금산면 삼봉리,20090610,20090626,35 44 15.0,127 00 21.5,자연림,곤충,딱정벌레,,1
264,전북 김제시 금산면 삼봉리,20090610,20090626,35 44 15.0,127 00 21.5,자연림,곤충,딱정벌레,,44
264,전북 김제시 금산면 삼봉리,20090610,20090626,35 44 15.0,127 00 21.5,자연림,곤충,딱정벌레,,19
264,전북 김제시 금산면 삼봉리,20090610,20090626,35 44 15.0,127 00 21.5,자연림,곤충,돌좀,,14
264,전북 김제시 금산면 삼봉리,20090610,20090626,35 44 15.0,127 00 21.5,자연림,곤충,다듬이벌레,,2
264,전북 김제시 금산면 삼봉리,20090610,20090626,35 44 15.0,127 00 21.5,자연림,곤충,노린재,,69
264,전북 김제시 금산면 삼봉리,20090610,20090626,35 44 15.0,127 00 21.5,자연림,곤충,나비,,4
264,전북 김제시 금산면 삼봉리,20090610,20090626,35 44 15.0,127 00 21.5,자연림,거미,장님거미,,5
264,전북 김제시 금산면 삼봉리,20090610,20090626,35 44 15.0,127 00 21.5,자연림,거미,진드기,응애,1
264,전북 김제시 금산면 삼봉리,20090610,20090626,35 44 15.0,127 00 21.5,자연림,거미,거미,,123
264,전북 김제시 금산면 삼봉리,20090610,20090626,35 44 15.0,127 00 21.5,자연림,갑각,등각,,11
264,전북 김제시 금산면 삼봉리,20090610,20090626,35 44 15.0,127 00 21.5,자연림,갑각,등각,,2
265,전북 익산시 왕궁면 온수리,20090610,20090626,35 55 18.8,127 05 12.8,자연림,곤충,파리,,2
265,전북 익산시 왕궁면 온수리,20090610,20090626,35 55 18.8,127 05 12.8,자연림,곤충,파리,,108
265,전북 익산시 왕궁면 온수리,20090610,20090626,35 55 18.8,127 05 12.8,자연림,곤충,톡토기,,191
265,전북 익산시 왕궁면 온수리,20090610,20090626,35 55 18.8,127 05 12.8,자연림,곤충,집게벌레,,2
265,전북 익산시 왕궁면 온수리,20090610,20090626,35 55 18.8,127 05 12.8,자연림,곤충,벌,,59
265,전북 익산시 왕궁면 온수리,20090610,20090626,35 55 18.8,127 05 12.8,자연림,곤충,벌,,12
265,전북 익산시 왕궁면 온수리,20090610,20090626,35 55 18.8,127 05 12.8,자연림,곤충,바퀴,,8
265,전북 익산시 왕궁면 온수리,20090610,20090626,35 55 18.8,127 05 12.8,자연림,곤충,메뚜기,,42
265,전북 익산시 왕궁면 온수리,20090610,20090626,35 55 18.8,127 05 12.8,자연림,곤충,매미,,7
265,전북 익산시 왕궁면 온수리,20090610,20090626,35 55 18.8,127 05 12.8,자연림,곤충,딱정벌레,,28
265,전북 익산시 왕궁면 온수리,20090610,20090626,35 55 18.8,127 05 12.8,자연림,곤충,딱정벌레,,50
265,전북 익산시 왕궁면 온수리,20090610,20090626,35 55 18.8,127 05 12.8,자연림,곤충,딱정벌레,,1
265,전북 익산시 왕궁면 온수리,20090610,20090626,35 55 18.8,127 05 12.8,자연림,곤충,딱정벌레,,32
265,전북 익산시 왕궁면 온수리,20090610,20090626,35 55 18.8,127 05 12.8,자연림,곤충,노린재,,34
265,전북 익산시 왕궁면 온수리,20090610,20090626,35 55 18.8,127 05 12.8,자연림,곤충,나비,,2
265,전북 익산시 왕궁면 온수리,20090610,20090626,35 55 18.8,127 05 12.8,자연림,거미,진드기,응애,5
265,전북 익산시 왕궁면 온수리,20090610,20090626,35 55 18.8,127 05 12.8,자연림,거미,거미,,89
265,전북 익산시 왕궁면 온수리,20090610,20090626,35 55 18.8,127 05 12.8,자연림,갑각,등각,,5
266,충남 논산시 광석면 왕전리 대성금속옆산,20090611,20090627,36 14 04.5,127 06 58.7,자연림,노래기,곰보노래기,,7
266,충남 논산시 광석면 왕전리 대성금속옆산,20090611,20090627,36 14 04.5,127 06 58.7,자연림,노래기,각시노래기,,3
266,충남 논산시 광석면 왕전리 대성금속옆산,20090611,20090627,36 14 04.5,127 06 58.7,자연림,곤충,파리,,1
266,충남 논산시 광석면 왕전리 대성금속옆산,20090611,20090627,36 14 04.5,127 06 58.7,자연림,곤충,파리,,49
266,충남 논산시 광석면 왕전리 대성금속옆산,20090611,20090627,36 14 04.5,127 06 58.7,자연림,곤충,톡토기,,2080
266,충남 논산시 광석면 왕전리 대성금속옆산,20090611,20090627,36 14 04.5,127 06 58.7,자연림,곤충,집게벌레,,2
266,충남 논산시 광석면 왕전리 대성금속옆산,20090611,20090627,36 14 04.5,127 06 58.7,자연림,곤충,사마귀,,1
266,충남 논산시 광석면 왕전리 대성금속옆산,20090611,20090627,36 14 04.5,127 06 58.7,자연림,곤충,벌,,34
266,충남 논산시 광석면 왕전리 대성금속옆산,20090611,20090627,36 14 04.5,127 06 58.7,자연림,곤충,벌,,21
266,충남 논산시 광석면 왕전리 대성금속옆산,20090611,20090627,36 14 04.5,127 06 58.7,자연림,곤충,바퀴,,3
266,충남 논산시 광석면 왕전리 대성금속옆산,20090611,20090627,36 14 04.5,127 06 58.7,자연림,곤충,메뚜기,,6
266,충남 논산시 광석면 왕전리 대성금속옆산,20090611,20090627,36 14 04.5,127 06 58.7,자연림,곤충,메뚜기,,2
266,충남 논산시 광석면 왕전리 대성금속옆산,20090611,20090627,36 14 04.5,127 06 58.7,자연림,곤충,매미,,24
266,충남 논산시 광석면 왕전리 대성금속옆산,20090611,20090627,36 14 04.5,127 06 58.7,자연림,곤충,딱정벌레,,12
266,충남 논산시 광석면 왕전리 대성금속옆산,20090611,20090627,36 14 04.5,127 06 58.7,자연림,곤충,딱정벌레,,22
266,충남 논산시 광석면 왕전리 대성금속옆산,20090611,20090627,36 14 04.5,127 06 58.7,자연림,곤충,딱정벌레,,40
266,충남 논산시 광석면 왕전리 대성금속옆산,20090611,20090627,36 14 04.5,127 06 58.7,자연림,곤충,다듬이벌레,,2
266,충남 논산시 광석면 왕전리 대성금속옆산,20090611,20090627,36 14 04.5,127 06 58.7,자연림,곤충,노린재,,43
266,충남 논산시 광석면 왕전리 대성금속옆산,20090611,20090627,36 14 04.5,127 06 58.7,자연림,곤충,나비,,2
266,충남 논산시 광석면 왕전리 대성금속옆산,20090611,20090627,36 14 04.5,127 06 58.7,자연림,거미,진드기,응애,3
266,충남 논산시 광석면 왕전리 대성금속옆산,20090611,20090627,36 14 04.5,127 06 58.7,자연림,거미,거미,,101
266,충남 논산시 광석면 왕전리 대성금속옆산,20090611,20090627,36 14 04.5,127 06 58.7,자연림,갑각,등각,,51
267,충남 논산지 연무읍 양지리 매화산,20090611,20090627,36 06 29.5,127 08 06.9,자연림,지네,돌지네,,1
267,충남 논산지 연무읍 양지리 매화산,20090611,20090627,36 06 29.5,127 08 06.9,자연림,곤충,파리,,4
267,충남 논산지 연무읍 양지리 매화산,20090611,20090627,36 06 29.5,127 08 06.9,자연림,곤충,파리,,47
267,충남 논산지 연무읍 양지리 매화산,20090611,20090627,36 06 29.5,127 08 06.9,자연림,곤충,톡토기,,2
267,충남 논산지 연무읍 양지리 매화산,20090611,20090627,36 06 29.5,127 08 06.9,자연림,곤충,집게벌레,,3
267,충남 논산지 연무읍 양지리 매화산,20090611,20090627,36 06 29.5,127 08 06.9,자연림,곤충,벌,,15
267,충남 논산지 연무읍 양지리 매화산,20090611,20090627,36 06 29.5,127 08 06.9,자연림,곤충,벌,,18
267,충남 논산지 연무읍 양지리 매화산,20090611,20090627,36 06 29.5,127 08 06.9,자연림,곤충,바퀴,,7
267,충남 논산지 연무읍 양지리 매화산,20090611,20090627,36 06 29.5,127 08 06.9,자연림,곤충,메뚜기,,6
267,충남 논산지 연무읍 양지리 매화산,20090611,20090627,36 06 29.5,127 08 06.9,자연림,곤충,딱정벌레,,48
267,충남 논산지 연무읍 양지리 매화산,20090611,20090627,36 06 29.5,127 08 06.9,자연림,곤충,딱정벌레,,2
267,충남 논산지 연무읍 양지리 매화산,20090611,20090627,36 06 29.5,127 08 06.9,자연림,곤충,딱정벌레,,19
267,충남 논산지 연무읍 양지리 매화산,20090611,20090627,36 06 29.5,127 08 06.9,자연림,곤충,딱정벌레,,5
267,충남 논산지 연무읍 양지리 매화산,20090611,20090627,36 06 29.5,127 08 06.9,자연림,곤충,노린재,,16
267,충남 논산지 연무읍 양지리 매화산,20090611,20090627,36 06 29.5,127 08 06.9,자연림,곤충,나비,,1
267,충남 논산지 연무읍 양지리 매화산,20090611,20090627,36 06 29.5,127 08 06.9,자연림,거미,거미,,64
267,충남 논산지 연무읍 양지리 매화산,20090611,20090627,36 06 29.5,127 08 06.9,자연림,갑각,등각,,20
268,충북 청원군 부용면 외천리 청원복합물류 앞,20090611,20090627,36 31 30.6,127 24 51.5,자연림,노래기,띠노래기,,1
268,충북 청원군 부용면 외천리 청원복합물류 앞,20090611,20090627,36 31 30.6,127 24 51.5,자연림,곤충,파리,,1
268,충북 청원군 부용면 외천리 청원복합물류 앞,20090611,20090627,36 31 30.6,127 24 51.5,자연림,곤충,파리,,114
268,충북 청원군 부용면 외천리 청원복합물류 앞,20090611,20090627,36 31 30.6,127 24 51.5,자연림,곤충,톡토기,,49
268,충북 청원군 부용면 외천리 청원복합물류 앞,20090611,20090627,36 31 30.6,127 24 51.5,자연림,곤충,집게벌레,,2
268,충북 청원군 부용면 외천리 청원복합물류 앞,20090611,20090627,36 31 30.6,127 24 51.5,자연림,곤충,벌,,71
268,충북 청원군 부용면 외천리 청원복합물류 앞,20090611,20090627,36 31 30.6,127 24 51.5,자연림,곤충,벌,,66
268,충북 청원군 부용면 외천리 청원복합물류 앞,20090611,20090627,36 31 30.6,127 24 51.5,자연림,곤충,바퀴,,6
268,충북 청원군 부용면 외천리 청원복합물류 앞,20090611,20090627,36 31 30.6,127 24 51.5,자연림,곤충,메뚜기,,29
268,충북 청원군 부용면 외천리 청원복합물류 앞,20090611,20090627,36 31 30.6,127 24 51.5,자연림,곤충,매미,,2
268,충북 청원군 부용면 외천리 청원복합물류 앞,20090611,20090627,36 31 30.6,127 24 51.5,자연림,곤충,매미,,106
268,충북 청원군 부용면 외천리 청원복합물류 앞,20090611,20090627,36 31 30.6,127 24 51.5,자연림,곤충,딱정벌레,,10
268,충북 청원군 부용면 외천리 청원복합물류 앞,20090611,20090627,36 31 30.6,127 24 51.5,자연림,곤충,딱정벌레,,41
268,충북 청원군 부용면 외천리 청원복합물류 앞,20090611,20090627,36 31 30.6,127 24 51.5,자연림,곤충,딱정벌레,,43
268,충북 청원군 부용면 외천리 청원복합물류 앞,20090611,20090627,36 31 30.6,127 24 51.5,자연림,곤충,대벌레,,1
268,충북 청원군 부용면 외천리 청원복합물류 앞,20090611,20090627,36 31 30.6,127 24 51.5,자연림,곤충,다듬이벌레,,2
268,충북 청원군 부용면 외천리 청원복합물류 앞,20090611,20090627,36 31 30.6,127 24 51.5,자연림,곤충,노린재,,10
268,충북 청원군 부용면 외천리 청원복합물류 앞,20090611,20090627,36 31 30.6,127 24 51.5,자연림,곤충,나비,,4
268,충북 청원군 부용면 외천리 청원복합물류 앞,20090611,20090627,36 31 30.6,127 24 51.5,자연림,거미,장님거미,,65
268,충북 청원군 부용면 외천리 청원복합물류 앞,20090611,20090627,36 31 30.6,127 24 51.5,자연림,거미,진드기,응애,20
268,충북 청원군 부용면 외천리 청원복합물류 앞,20090611,20090627,36 31 30.6,127 24 51.5,자연림,거미,거미,,94
268,충북 청원군 부용면 외천리 청원복합물류 앞,20090611,20090627,36 31 30.6,127 24 51.5,자연림,갑각,등각,,3
269,전남 나주시 대호동 동신대학교,20090624,20090710,35 02 54.8,126 42 59.2,자연림,지네,돌지네,,3
269,전남 나주시 대호동 동신대학교,20090624,20090710,35 02 54.8,126 42 59.2,자연림,노래기,곰보노래기,,2
269,전남 나주시 대호동 동신대학교,20090624,20090710,35 02 54.8,126 42 59.2,자연림,곤충,파리,,9
269,전남 나주시 대호동 동신대학교,20090624,20090710,35 02 54.8,126 42 59.2,자연림,곤충,파리,,69
269,전남 나주시 대호동 동신대학교,20090624,20090710,35 02 54.8,126 42 59.2,자연림,곤충,톡토기,,70
269,전남 나주시 대호동 동신대학교,20090624,20090710,35 02 54.8,126 42 59.2,자연림,곤충,벌,,160
269,전남 나주시 대호동 동신대학교,20090624,20090710,35 02 54.8,126 42 59.2,자연림,곤충,벌,,44
269,전남 나주시 대호동 동신대학교,20090624,20090710,35 02 54.8,126 42 59.2,자연림,곤충,메뚜기,,28
269,전남 나주시 대호동 동신대학교,20090624,20090710,35 02 54.8,126 42 59.2,자연림,곤충,메뚜기,,6
269,전남 나주시 대호동 동신대학교,20090624,20090710,35 02 54.8,126 42 59.2,자연림,곤충,메뚜기,,3
269,전남 나주시 대호동 동신대학교,20090624,20090710,35 02 54.8,126 42 59.2,자연림,곤충,매미,,17
269,전남 나주시 대호동 동신대학교,20090624,20090710,35 02 54.8,126 42 59.2,자연림,곤충,딱정벌레,,26
269,전남 나주시 대호동 동신대학교,20090624,20090710,35 02 54.8,126 42 59.2,자연림,곤충,딱정벌레,,26
269,전남 나주시 대호동 동신대학교,20090624,20090710,35 02 54.8,126 42 59.2,자연림,곤충,딱정벌레,,3
269,전남 나주시 대호동 동신대학교,20090624,20090710,35 02 54.8,126 42 59.2,자연림,곤충,딱정벌레,,23
269,전남 나주시 대호동 동신대학교,20090624,20090710,35 02 54.8,126 42 59.2,자연림,곤충,돌좀,,8
269,전남 나주시 대호동 동신대학교,20090624,20090710,35 02 54.8,126 42 59.2,자연림,곤충,돌좀,,13
269,전남 나주시 대호동 동신대학교,20090624,20090710,35 02 54.8,126 42 59.2,자연림,곤충,노린재,,16
269,전남 나주시 대호동 동신대학교,20090624,20090710,35 02 54.8,126 42 59.2,자연림,거미,거미,,37
269,전남 나주시 대호동 동신대학교,20090624,20090710,35 02 54.8,126 42 59.2,자연림,갑각,등각,,61
269,전남 나주시 대호동 동신대학교,20090624,20090710,35 02 54.8,126 42 59.2,자연림,갑각,등각,,14
270,전남 영암군 영암읍 개신리 월출산 천황사 부근,20090624,20090710,34 46 07.8,126 43 46.5,자연림,노래기,곰보노래기,,2
270,전남 영암군 영암읍 개신리 월출산 천황사 부근,20090624,20090710,34 46 07.8,126 43 46.5,자연림,곤충,파리,,90
270,전남 영암군 영암읍 개신리 월출산 천황사 부근,20090624,20090710,34 46 07.8,126 43 46.5,자연림,곤충,톡토기,,20
270,전남 영암군 영암읍 개신리 월출산 천황사 부근,20090624,20090710,34 46 07.8,126 43 46.5,자연림,곤충,잠자리,,1
270,전남 영암군 영암읍 개신리 월출산 천황사 부근,20090624,20090710,34 46 07.8,126 43 46.5,자연림,곤충,벌,,140
270,전남 영암군 영암읍 개신리 월출산 천황사 부근,20090624,20090710,34 46 07.8,126 43 46.5,자연림,곤충,벌,,66
270,전남 영암군 영암읍 개신리 월출산 천황사 부근,20090624,20090710,34 46 07.8,126 43 46.5,자연림,곤충,바퀴,,1
270,전남 영암군 영암읍 개신리 월출산 천황사 부근,20090624,20090710,34 46 07.8,126 43 46.5,자연림,곤충,메뚜기,,55
270,전남 영암군 영암읍 개신리 월출산 천황사 부근,20090624,20090710,34 46 07.8,126 43 46.5,자연림,곤충,메뚜기,,1
270,전남 영암군 영암읍 개신리 월출산 천황사 부근,20090624,20090710,34 46 07.8,126 43 46.5,자연림,곤충,메뚜기,,1
270,전남 영암군 영암읍 개신리 월출산 천황사 부근,20090624,20090710,34 46 07.8,126 43 46.5,자연림,곤충,메뚜기,,6
270,전남 영암군 영암읍 개신리 월출산 천황사 부근,20090624,20090710,34 46 07.8,126 43 46.5,자연림,곤충,매미,,3
270,전남 영암군 영암읍 개신리 월출산 천황사 부근,20090624,20090710,34 46 07.8,126 43 46.5,자연림,곤충,딱정벌레,,64
270,전남 영암군 영암읍 개신리 월출산 천황사 부근,20090624,20090710,34 46 07.8,126 43 46.5,자연림,곤충,딱정벌레,,49
270,전남 영암군 영암읍 개신리 월출산 천황사 부근,20090624,20090710,34 46 07.8,126 43 46.5,자연림,곤충,딱정벌레,,13
270,전남 영암군 영암읍 개신리 월출산 천황사 부근,20090624,20090710,34 46 07.8,126 43 46.5,자연림,곤충,딱정벌레,,31
270,전남 영암군 영암읍 개신리 월출산 천황사 부근,20090624,20090710,34 46 07.8,126 43 46.5,자연림,곤충,돌좀,,37
270,전남 영암군 영암읍 개신리 월출산 천황사 부근,20090624,20090710,34 46 07.8,126 43 46.5,자연림,곤충,노린재,,45
270,전남 영암군 영암읍 개신리 월출산 천황사 부근,20090624,20090710,34 46 07.8,126 43 46.5,자연림,곤충,나비,,1
270,전남 영암군 영암읍 개신리 월출산 천황사 부근,20090624,20090710,34 46 07.8,126 43 46.5,자연림,거미,장님거미,,46
270,전남 영암군 영암읍 개신리 월출산 천황사 부근,20090624,20090710,34 46 07.8,126 43 46.5,자연림,거미,진드기,응애,1
270,전남 영암군 영암읍 개신리 월출산 천황사 부근,20090624,20090710,34 46 07.8,126 43 46.5,자연림,거미,거미,,81
270,전남 영암군 영암읍 개신리 월출산 천황사 부근,20090624,20090710,34 46 07.8,126 43 46.5,자연림,갑각,등각,,50
271,전남 진도군 의신면 사천리 첨찰산 (쌍계사),20090625,20090712,34 27 52.3,126 18 34.4,자연림,곤충,파리,,17
271,전남 진도군 의신면 사천리 첨찰산 (쌍계사),20090625,20090712,34 27 52.3,126 18 34.4,자연림,곤충,벌,,61
271,전남 진도군 의신면 사천리 첨찰산 (쌍계사),20090625,20090712,34 27 52.3,126 18 34.4,자연림,곤충,벌,,21
271,전남 진도군 의신면 사천리 첨찰산 (쌍계사),20090625,20090712,34 27 52.3,126 18 34.4,자연림,곤충,메뚜기,,13
271,전남 진도군 의신면 사천리 첨찰산 (쌍계사),20090625,20090712,34 27 52.3,126 18 34.4,자연림,곤충,딱정벌레,,3
271,전남 진도군 의신면 사천리 첨찰산 (쌍계사),20090625,20090712,34 27 52.3,126 18 34.4,자연림,곤충,딱정벌레,,15
271,전남 진도군 의신면 사천리 첨찰산 (쌍계사),20090625,20090712,34 27 52.3,126 18 34.4,자연림,곤충,돌좀,,4
271,전남 진도군 의신면 사천리 첨찰산 (쌍계사),20090625,20090712,34 27 52.3,126 18 34.4,자연림,곤충,노린재,,1
271,전남 진도군 의신면 사천리 첨찰산 (쌍계사),20090625,20090712,34 27 52.3,126 18 34.4,자연림,거미,장님거미,,26
271,전남 진도군 의신면 사천리 첨찰산 (쌍계사),20090625,20090712,34 27 52.3,126 18 34.4,자연림,거미,진드기,응애,1
271,전남 진도군 의신면 사천리 첨찰산 (쌍계사),20090625,20090712,34 27 52.3,126 18 34.4,자연림,거미,거미,,9
271,전남 진도군 의신면 사천리 첨찰산 (쌍계사),20090625,20090712,34 27 52.3,126 18 34.4,자연림,갑각,등각,,5
272,전남 해남군 산이면 부동리,20090625,20090711,34 39 29.2,126 23 21.6,자연림,노래기,각시노래기,,1
272,전남 해남군 산이면 부동리,20090625,20090711,34 39 29.2,126 23 21.6,자연림,곤충,파리,,1
272,전남 해남군 산이면 부동리,20090625,20090711,34 39 29.2,126 23 21.6,자연림,곤충,파리,,92
272,전남 해남군 산이면 부동리,20090625,20090711,34 39 29.2,126 23 21.6,자연림,곤충,톡토기,,66
272,전남 해남군 산이면 부동리,20090625,20090711,34 39 29.2,126 23 21.6,자연림,곤충,벌,,76
272,전남 해남군 산이면 부동리,20090625,20090711,34 39 29.2,126 23 21.6,자연림,곤충,벌,,29
272,전남 해남군 산이면 부동리,20090625,20090711,34 39 29.2,126 23 21.6,자연림,곤충,바퀴,,1
272,전남 해남군 산이면 부동리,20090625,20090711,34 39 29.2,126 23 21.6,자연림,곤충,메뚜기,,32
272,전남 해남군 산이면 부동리,20090625,20090711,34 39 29.2,126 23 21.6,자연림,곤충,메뚜기,,3
272,전남 해남군 산이면 부동리,20090625,20090711,34 39 29.2,126 23 21.6,자연림,곤충,딱정벌레,,93
272,전남 해남군 산이면 부동리,20090625,20090711,34 39 29.2,126 23 21.6,자연림,곤충,딱정벌레,,37
272,전남 해남군 산이면 부동리,20090625,20090711,34 39 29.2,126 23 21.6,자연림,곤충,딱정벌레,,8
272,전남 해남군 산이면 부동리,20090625,20090711,34 39 29.2,126 23 21.6,자연림,곤충,딱정벌레,,16
272,전남 해남군 산이면 부동리,20090625,20090711,34 39 29.2,126 23 21.6,자연림,곤충,돌좀,돌좀,1
272,전남 해남군 산이면 부동리,20090625,20090711,34 39 29.2,126 23 21.6,자연림,곤충,노린재,,15
272,전남 해남군 산이면 부동리,20090625,20090711,34 39 29.2,126 23 21.6,자연림,거미,진드기,응애,4
272,전남 해남군 산이면 부동리,20090625,20090711,34 39 29.2,126 23 21.6,자연림,거미,장님거미,,4
272,전남 해남군 산이면 부동리,20090625,20090711,34 39 29.2,126 23 21.6,자연림,거미,거미,,28
273,전남 영암군 미암면 채지리,20090625,20090711,34 42 24.7,126 33 52.0,자연림,지네,돌지네,,1
273,전남 영암군 미암면 채지리,20090625,20090711,34 42 24.7,126 33 52.0,자연림,노래기,곰보노래기,,1
273,전남 영암군 미암면 채지리,20090625,20090711,34 42 24.7,126 33 52.0,자연림,곤충,파리,,1
273,전남 영암군 미암면 채지리,20090625,20090711,34 42 24.7,126 33 52.0,자연림,곤충,파리,,29
273,전남 영암군 미암면 채지리,20090625,20090711,34 42 24.7,126 33 52.0,자연림,곤충,톡토기,,4
273,전남 영암군 미암면 채지리,20090625,20090711,34 42 24.7,126 33 52.0,자연림,곤충,집게벌레,,2
273,전남 영암군 미암면 채지리,20090625,20090711,34 42 24.7,126 33 52.0,자연림,곤충,벌,,26
273,전남 영암군 미암면 채지리,20090625,20090711,34 42 24.7,126 33 52.0,자연림,곤충,벌,,19
273,전남 영암군 미암면 채지리,20090625,20090711,34 42 24.7,126 33 52.0,자연림,곤충,메뚜기,메뚜기,8
273,전남 영암군 미암면 채지리,20090625,20090711,34 42 24.7,126 33 52.0,자연림,곤충,메뚜기,메뚜기,3
273,전남 영암군 미암면 채지리,20090625,20090711,34 42 24.7,126 33 52.0,자연림,곤충,매미,,1
273,전남 영암군 미암면 채지리,20090625,20090711,34 42 24.7,126 33 52.0,자연림,곤충,딱정벌레,딱정벌레,24
273,전남 영암군 미암면 채지리,20090625,20090711,34 42 24.7,126 33 52.0,자연림,곤충,딱정벌레,딱정벌레,34
273,전남 영암군 미암면 채지리,20090625,20090711,34 42 24.7,126 33 52.0,자연림,곤충,딱정벌레,딱정벌레,2
273,전남 영암군 미암면 채지리,20090625,20090711,34 42 24.7,126 33 52.0,자연림,곤충,딱정벌레,딱정벌레,7
273,전남 영암군 미암면 채지리,20090625,20090711,34 42 24.7,126 33 52.0,자연림,곤충,돌좀,돌좀,3
273,전남 영암군 미암면 채지리,20090625,20090711,34 42 24.7,126 33 52.0,자연림,곤충,노린재,노린재,37
273,전남 영암군 미암면 채지리,20090625,20090711,34 42 24.7,126 33 52.0,자연림,거미,진드기,응애,3
273,전남 영암군 미암면 채지리,20090625,20090711,34 42 24.7,126 33 52.0,자연림,거미,거미,,109
274,전남 강진군 병영면 삼인리,20090625,20090711,34 42 0.7,126 49 19.6,자연림,노래기,곰보노래기,,63
274,전남 강진군 병영면 삼인리,20090625,20090711,34 42 0.7,126 49 19.6,자연림,노래기,각시노래기,,1
274,전남 강진군 병영면 삼인리,20090625,20090711,34 42 0.7,126 49 19.6,자연림,곤충,파리,,1
274,전남 강진군 병영면 삼인리,20090625,20090711,34 42 0.7,126 49 19.6,자연림,곤충,파리,,232
274,전남 강진군 병영면 삼인리,20090625,20090711,34 42 0.7,126 49 19.6,자연림,곤충,톡토기,,214
274,전남 강진군 병영면 삼인리,20090625,20090711,34 42 0.7,126 49 19.6,자연림,곤충,벌,,268
274,전남 강진군 병영면 삼인리,20090625,20090711,34 42 0.7,126 49 19.6,자연림,곤충,벌,,62
274,전남 강진군 병영면 삼인리,20090625,20090711,34 42 0.7,126 49 19.6,자연림,곤충,바퀴,바퀴벌레,1
274,전남 강진군 병영면 삼인리,20090625,20090711,34 42 0.7,126 49 19.6,자연림,곤충,메뚜기,,48
274,전남 강진군 병영면 삼인리,20090625,20090711,34 42 0.7,126 49 19.6,자연림,곤충,메뚜기,,4
274,전남 강진군 병영면 삼인리,20090625,20090711,34 42 0.7,126 49 19.6,자연림,곤충,딱정벌레,,17
274,전남 강진군 병영면 삼인리,20090625,20090711,34 42 0.7,126 49 19.6,자연림,곤충,딱정벌레,,41
274,전남 강진군 병영면 삼인리,20090625,20090711,34 42 0.7,126 49 19.6,자연림,곤충,딱정벌레,,32
274,전남 강진군 병영면 삼인리,20090625,20090711,34 42 0.7,126 49 19.6,자연림,곤충,돌좀,,13
274,전남 강진군 병영면 삼인리,20090625,20090711,34 42 0.7,126 49 19.6,자연림,곤충,노린재,,7
274,전남 강진군 병영면 삼인리,20090625,20090711,34 42 0.7,126 49 19.6,자연림,거미,진드기,응애,3
274,전남 강진군 병영면 삼인리,20090625,20090711,34 42 0.7,126 49 19.6,자연림,거미,장님거미,,4
274,전남 강진군 병영면 삼인리,20090625,20090711,34 42 0.7,126 49 19.6,자연림,거미,거미,,64
275,전남 강진군 칠량면 봉화리 매자리공원,20090625,20090711,34 32 39.9,126 47 59.6,자연림,지네,돌지네,,1
275,전남 강진군 칠량면 봉화리 매자리공원,20090625,20090711,34 32 39.9,126 47 59.6,자연림,노래기,곰보노래기,,1
275,전남 강진군 칠량면 봉화리 매자리공원,20090625,20090711,34 32 39.9,126 47 59.6,자연림,노래기,각시노래기,,1
275,전남 강진군 칠량면 봉화리 매자리공원,20090625,20090711,34 32 39.9,126 47 59.6,자연림,곤충,파리,,18
275,전남 강진군 칠량면 봉화리 매자리공원,20090625,20090711,34 32 39.9,126 47 59.6,자연림,곤충,톡토기,,1
275,전남 강진군 칠량면 봉화리 매자리공원,20090625,20090711,34 32 39.9,126 47 59.6,자연림,곤충,벌,,19
275,전남 강진군 칠량면 봉화리 매자리공원,20090625,20090711,34 32 39.9,126 47 59.6,자연림,곤충,벌,,34
275,전남 강진군 칠량면 봉화리 매자리공원,20090625,20090711,34 32 39.9,126 47 59.6,자연림,곤충,메뚜기,,49
275,전남 강진군 칠량면 봉화리 매자리공원,20090625,20090711,34 32 39.9,126 47 59.6,자연림,곤충,매미,,3
275,전남 강진군 칠량면 봉화리 매자리공원,20090625,20090711,34 32 39.9,126 47 59.6,자연림,곤충,딱정벌레,,11
275,전남 강진군 칠량면 봉화리 매자리공원,20090625,20090711,34 32 39.9,126 47 59.6,자연림,곤충,딱정벌레,,1
275,전남 강진군 칠량면 봉화리 매자리공원,20090625,20090711,34 32 39.9,126 47 59.6,자연림,곤충,딱정벌레,,9
275,전남 강진군 칠량면 봉화리 매자리공원,20090625,20090711,34 32 39.9,126 47 59.6,자연림,곤충,돌좀,,14
275,전남 강진군 칠량면 봉화리 매자리공원,20090625,20090711,34 32 39.9,126 47 59.6,자연림,곤충,노린재,,3
275,전남 강진군 칠량면 봉화리 매자리공원,20090625,20090711,34 32 39.9,126 47 59.6,자연림,거미,장님거미,,4
275,전남 강진군 칠량면 봉화리 매자리공원,20090625,20090711,34 32 39.9,126 47 59.6,자연림,거미,거미,,8
276,전남 완도군 군외면 완도수목원,20090625,20090711,34 22 10,126 39 54.1,자연림,지네,돌지네,,1
276,전남 완도군 군외면 완도수목원,20090625,20090711,34 22 10,126 39 54.1,자연림,노래기,곰보노래기,,2
276,전남 완도군 군외면 완도수목원,20090625,20090711,34 22 10,126 39 54.1,자연림,곤충,파리,,20
276,전남 완도군 군외면 완도수목원,20090625,20090711,34 22 10,126 39 54.1,자연림,곤충,톡토기,,10
276,전남 완도군 군외면 완도수목원,20090625,20090711,34 22 10,126 39 54.1,자연림,곤충,벌,,37
276,전남 완도군 군외면 완도수목원,20090625,20090711,34 22 10,126 39 54.1,자연림,곤충,벌,,16
276,전남 완도군 군외면 완도수목원,20090625,20090711,34 22 10,126 39 54.1,자연림,곤충,메뚜기,,11
276,전남 완도군 군외면 완도수목원,20090625,20090711,34 22 10,126 39 54.1,자연림,곤충,매미,,1
276,전남 완도군 군외면 완도수목원,20090625,20090711,34 22 10,126 39 54.1,자연림,곤충,딱정벌레,,2
276,전남 완도군 군외면 완도수목원,20090625,20090711,34 22 10,126 39 54.1,자연림,곤충,딱정벌레,,12
276,전남 완도군 군외면 완도수목원,20090625,20090711,34 22 10,126 39 54.1,자연림,곤충,딱정벌레,,1
276,전남 완도군 군외면 완도수목원,20090625,20090711,34 22 10,126 39 54.1,자연림,곤충,딱정벌레,,10
276,전남 완도군 군외면 완도수목원,20090625,20090711,34 22 10,126 39 54.1,자연림,곤충,돌좀,,12
276,전남 완도군 군외면 완도수목원,20090625,20090711,34 22 10,126 39 54.1,자연림,곤충,노린재,,3
276,전남 완도군 군외면 완도수목원,20090625,20090711,34 22 10,126 39 54.1,자연림,거미,장님거미,,3
276,전남 완도군 군외면 완도수목원,20090625,20090711,34 22 10,126 39 54.1,자연림,거미,거미,,15
277,전남 무안군 청계면 도림리 국립목포대학교,20090626,20090711,34 54 26.9,126 26 36.4,자연림,노래기,곰보노래기,,3
277,전남 무안군 청계면 도림리 국립목포대학교,20090626,20090711,34 54 26.9,126 26 36.4,자연림,곤충,파리,,4
277,전남 무안군 청계면 도림리 국립목포대학교,20090626,20090711,34 54 26.9,126 26 36.4,자연림,곤충,파리,,34
277,전남 무안군 청계면 도림리 국립목포대학교,20090626,20090711,34 54 26.9,126 26 36.4,자연림,곤충,톡토기,,2
277,전남 무안군 청계면 도림리 국립목포대학교,20090626,20090711,34 54 26.9,126 26 36.4,자연림,곤충,벌,,98
277,전남 무안군 청계면 도림리 국립목포대학교,20090626,20090711,34 54 26.9,126 26 36.4,자연림,곤충,벌,,17
277,전남 무안군 청계면 도림리 국립목포대학교,20090626,20090711,34 54 26.9,126 26 36.4,자연림,곤충,바퀴,바퀴벌레,1
277,전남 무안군 청계면 도림리 국립목포대학교,20090626,20090711,34 54 26.9,126 26 36.4,자연림,곤충,메뚜기,,41
277,전남 무안군 청계면 도림리 국립목포대학교,20090626,20090711,34 54 26.9,126 26 36.4,자연림,곤충,메뚜기,,1
277,전남 무안군 청계면 도림리 국립목포대학교,20090626,20090711,34 54 26.9,126 26 36.4,자연림,곤충,매미,,7
277,전남 무안군 청계면 도림리 국립목포대학교,20090626,20090711,34 54 26.9,126 26 36.4,자연림,곤충,딱정벌레,,7
277,전남 무안군 청계면 도림리 국립목포대학교,20090626,20090711,34 54 26.9,126 26 36.4,자연림,곤충,딱정벌레,,2
277,전남 무안군 청계면 도림리 국립목포대학교,20090626,20090711,34 54 26.9,126 26 36.4,자연림,곤충,딱정벌레,,1
277,전남 무안군 청계면 도림리 국립목포대학교,20090626,20090711,34 54 26.9,126 26 36.4,자연림,곤충,딱정벌레,,5
277,전남 무안군 청계면 도림리 국립목포대학교,20090626,20090711,34 54 26.9,126 26 36.4,자연림,곤충,돌좀,,21
277,전남 무안군 청계면 도림리 국립목포대학교,20090626,20090711,34 54 26.9,126 26 36.4,자연림,곤충,노린재,,3
277,전남 무안군 청계면 도림리 국립목포대학교,20090626,20090711,34 54 26.9,126 26 36.4,자연림,곤충,나비,,1
277,전남 무안군 청계면 도림리 국립목포대학교,20090626,20090711,34 54 26.9,126 26 36.4,자연림,거미,장님거미,,19
277,전남 무안군 청계면 도림리 국립목포대학교,20090626,20090711,34 54 26.9,126 26 36.4,자연림,거미,거미,,34
278,전남 함평군 대동면 향교리 향교초등학교,20090626,20090711,35 03 55.7,126 32 6.8,자연림,곤충,파리,,52
278,전남 함평군 대동면 향교리 향교초등학교,20090626,20090711,35 03 55.7,126 32 6.8,자연림,곤충,톡토기,,13
278,전남 함평군 대동면 향교리 향교초등학교,20090626,20090711,35 03 55.7,126 32 6.8,자연림,곤충,집게벌레,,1
278,전남 함평군 대동면 향교리 향교초등학교,20090626,20090711,35 03 55.7,126 32 6.8,자연림,곤충,벌,,147
278,전남 함평군 대동면 향교리 향교초등학교,20090626,20090711,35 03 55.7,126 32 6.8,자연림,곤충,벌,,27
278,전남 함평군 대동면 향교리 향교초등학교,20090626,20090711,35 03 55.7,126 32 6.8,자연림,곤충,바퀴,바퀴벌레,1
278,전남 함평군 대동면 향교리 향교초등학교,20090626,20090711,35 03 55.7,126 32 6.8,자연림,곤충,메뚜기,,25
278,전남 함평군 대동면 향교리 향교초등학교,20090626,20090711,35 03 55.7,126 32 6.8,자연림,곤충,메뚜기,,1
278,전남 함평군 대동면 향교리 향교초등학교,20090626,20090711,35 03 55.7,126 32 6.8,자연림,곤충,매미,,17
278,전남 함평군 대동면 향교리 향교초등학교,20090626,20090711,35 03 55.7,126 32 6.8,자연림,곤충,딱정벌레,,13
278,전남 함평군 대동면 향교리 향교초등학교,20090626,20090711,35 03 55.7,126 32 6.8,자연림,곤충,딱정벌레,,8
278,전남 함평군 대동면 향교리 향교초등학교,20090626,20090711,35 03 55.7,126 32 6.8,자연림,곤충,딱정벌레,,8
278,전남 함평군 대동면 향교리 향교초등학교,20090626,20090711,35 03 55.7,126 32 6.8,자연림,곤충,딱정벌레,,22
278,전남 함평군 대동면 향교리 향교초등학교,20090626,20090711,35 03 55.7,126 32 6.8,자연림,곤충,돌좀,,5
278,전남 함평군 대동면 향교리 향교초등학교,20090626,20090711,35 03 55.7,126 32 6.8,자연림,곤충,노린재,,12
278,전남 함평군 대동면 향교리 향교초등학교,20090626,20090711,35 03 55.7,126 32 6.8,자연림,거미,장님거미,,3
278,전남 함평군 대동면 향교리 향교초등학교,20090626,20090711,35 03 55.7,126 32 6.8,자연림,거미,거미,,36
279,전남 장성군 삼서면 유평리 상무대 남문,20090626,20090711,35 14 37.2,126 37 17.1,자연림,지네,돌지네,,1
279,전남 장성군 삼서면 유평리 상무대 남문,20090626,20090711,35 14 37.2,126 37 17.1,자연림,노래기,곰보노래기,,1
279,전남 장성군 삼서면 유평리 상무대 남문,20090626,20090711,35 14 37.2,126 37 17.1,자연림,노래기,각시노래기,,1
279,전남 장성군 삼서면 유평리 상무대 남문,20090626,20090711,35 14 37.2,126 37 17.1,자연림,곤충,파리,,1
279,전남 장성군 삼서면 유평리 상무대 남문,20090626,20090711,35 14 37.2,126 37 17.1,자연림,곤충,파리,,24
279,전남 장성군 삼서면 유평리 상무대 남문,20090626,20090711,35 14 37.2,126 37 17.1,자연림,곤충,톡토기,,3
279,전남 장성군 삼서면 유평리 상무대 남문,20090626,20090711,35 14 37.2,126 37 17.1,자연림,곤충,벌,,116
279,전남 장성군 삼서면 유평리 상무대 남문,20090626,20090711,35 14 37.2,126 37 17.1,자연림,곤충,벌,,15
279,전남 장성군 삼서면 유평리 상무대 남문,20090626,20090711,35 14 37.2,126 37 17.1,자연림,곤충,메뚜기,,16
279,전남 장성군 삼서면 유평리 상무대 남문,20090626,20090711,35 14 37.2,126 37 17.1,자연림,곤충,메뚜기,,1
279,전남 장성군 삼서면 유평리 상무대 남문,20090626,20090711,35 14 37.2,126 37 17.1,자연림,곤충,딱정벌레,,18
279,전남 장성군 삼서면 유평리 상무대 남문,20090626,20090711,35 14 37.2,126 37 17.1,자연림,곤충,딱정벌레,,5
279,전남 장성군 삼서면 유평리 상무대 남문,20090626,20090711,35 14 37.2,126 37 17.1,자연림,곤충,딱정벌레,,4
279,전남 장성군 삼서면 유평리 상무대 남문,20090626,20090711,35 14 37.2,126 37 17.1,자연림,곤충,돌좀,,6
279,전남 장성군 삼서면 유평리 상무대 남문,20090626,20090711,35 14 37.2,126 37 17.1,자연림,곤충,노린재,,23
279,전남 장성군 삼서면 유평리 상무대 남문,20090626,20090711,35 14 37.2,126 37 17.1,자연림,곤충,나비,,1
279,전남 장성군 삼서면 유평리 상무대 남문,20090626,20090711,35 14 37.2,126 37 17.1,자연림,거미,거미,,23
280,충남 당진군 순성면 관천리,20090702,20090722,36 50 23.1,126 42 34.9,자연림,노래기,띠노래기,,2
280,충남 당진군 순성면 관천리,20090702,20090722,36 50 23.1,126 42 34.9,자연림,노래기,곰보노래기,,1
280,충남 당진군 순성면 관천리,20090702,20090722,36 50 23.1,126 42 34.9,자연림,곤충,파리,,15
280,충남 당진군 순성면 관천리,20090702,20090722,36 50 23.1,126 42 34.9,자연림,곤충,톡토기,,2
280,충남 당진군 순성면 관천리,20090702,20090722,36 50 23.1,126 42 34.9,자연림,곤충,집게벌레,,1
280,충남 당진군 순성면 관천리,20090702,20090722,36 50 23.1,126 42 34.9,자연림,곤충,벌,,21
280,충남 당진군 순성면 관천리,20090702,20090722,36 50 23.1,126 42 34.9,자연림,곤충,벌,,7
280,충남 당진군 순성면 관천리,20090702,20090722,36 50 23.1,126 42 34.9,자연림,곤충,메뚜기,메뚜기,7
280,충남 당진군 순성면 관천리,20090702,20090722,36 50 23.1,126 42 34.9,자연림,곤충,메뚜기,메뚜기,11
280,충남 당진군 순성면 관천리,20090702,20090722,36 50 23.1,126 42 34.9,자연림,곤충,딱정벌레,딱정벌레,1
280,충남 당진군 순성면 관천리,20090702,20090722,36 50 23.1,126 42 34.9,자연림,곤충,딱정벌레,딱정벌레,8
280,충남 당진군 순성면 관천리,20090702,20090722,36 50 23.1,126 42 34.9,자연림,곤충,딱정벌레,딱정벌레,2
280,충남 당진군 순성면 관천리,20090702,20090722,36 50 23.1,126 42 34.9,자연림,곤충,노린재,,2
280,충남 당진군 순성면 관천리,20090702,20090722,36 50 23.1,126 42 34.9,자연림,거미,진드기,응애,1
280,충남 당진군 순성면 관천리,20090702,20090722,36 50 23.1,126 42 34.9,자연림,거미,거미,,13
281,충남 당진군 고대면 진관리,20090702,20090722,36 55 2.4,126 35 37.3,자연림,지네,땅지네,,1
281,충남 당진군 고대면 진관리,20090702,20090722,36 55 2.4,126 35 37.3,자연림,지네,돌지네,,1
281,충남 당진군 고대면 진관리,20090702,20090722,36 55 2.4,126 35 37.3,자연림,노래기,띠노래기,,4
281,충남 당진군 고대면 진관리,20090702,20090722,36 55 2.4,126 35 37.3,자연림,노래기,곰보노래기,,551
281,충남 당진군 고대면 진관리,20090702,20090722,36 55 2.4,126 35 37.3,자연림,곤충,파리,,31
281,충남 당진군 고대면 진관리,20090702,20090722,36 55 2.4,126 35 37.3,자연림,곤충,톡토기,,263
281,충남 당진군 고대면 진관리,20090702,20090722,36 55 2.4,126 35 37.3,자연림,곤충,벌,,718
281,충남 당진군 고대면 진관리,20090702,20090722,36 55 2.4,126 35 37.3,자연림,곤충,벌,,5
281,충남 당진군 고대면 진관리,20090702,20090722,36 55 2.4,126 35 37.3,자연림,곤충,메뚜기,,36
281,충남 당진군 고대면 진관리,20090702,20090722,36 55 2.4,126 35 37.3,자연림,곤충,매미,,10
281,충남 당진군 고대면 진관리,20090702,20090722,36 55 2.4,126 35 37.3,자연림,곤충,딱정벌레,,3
281,충남 당진군 고대면 진관리,20090702,20090722,36 55 2.4,126 35 37.3,자연림,곤충,딱정벌레,,4
281,충남 당진군 고대면 진관리,20090702,20090722,36 55 2.4,126 35 37.3,자연림,곤충,딱정벌레,,3
281,충남 당진군 고대면 진관리,20090702,20090722,36 55 2.4,126 35 37.3,자연림,곤충,노린재,,2
281,충남 당진군 고대면 진관리,20090702,20090722,36 55 2.4,126 35 37.3,자연림,거미,거미,,94
282,충남 서산시 대산읍 영탑리,20090702,20090723,36 55 39.2,126 27 0.8,자연림,지네,돌지네,,2
282,충남 서산시 대산읍 영탑리,20090702,20090723,36 55 39.2,126 27 0.8,자연림,노래기,곰보노래기,,6
282,충남 서산시 대산읍 영탑리,20090702,20090723,36 55 39.2,126 27 0.8,자연림,곤충,파리,,46
282,충남 서산시 대산읍 영탑리,20090702,20090723,36 55 39.2,126 27 0.8,자연림,곤충,톡토기,,26
282,충남 서산시 대산읍 영탑리,20090702,20090723,36 55 39.2,126 27 0.8,자연림,곤충,집게벌레,,2
282,충남 서산시 대산읍 영탑리,20090702,20090723,36 55 39.2,126 27 0.8,자연림,곤충,벌,,62
282,충남 서산시 대산읍 영탑리,20090702,20090723,36 55 39.2,126 27 0.8,자연림,곤충,벌,,5
282,충남 서산시 대산읍 영탑리,20090702,20090723,36 55 39.2,126 27 0.8,자연림,곤충,메뚜기,,24
282,충남 서산시 대산읍 영탑리,20090702,20090723,36 55 39.2,126 27 0.8,자연림,곤충,메뚜기,,1
282,충남 서산시 대산읍 영탑리,20090702,20090723,36 55 39.2,126 27 0.8,자연림,곤충,매미,,28
282,충남 서산시 대산읍 영탑리,20090702,20090723,36 55 39.2,126 27 0.8,자연림,곤충,딱정벌레,,15
282,충남 서산시 대산읍 영탑리,20090702,20090723,36 55 39.2,126 27 0.8,자연림,곤충,딱정벌레,,17
282,충남 서산시 대산읍 영탑리,20090702,20090723,36 55 39.2,126 27 0.8,자연림,곤충,딱정벌레,,6
282,충남 서산시 대산읍 영탑리,20090702,20090723,36 55 39.2,126 27 0.8,자연림,곤충,돌좀,돌좀,11
282,충남 서산시 대산읍 영탑리,20090702,20090723,36 55 39.2,126 27 0.8,자연림,곤충,노린재,,5
282,충남 서산시 대산읍 영탑리,20090702,20090723,36 55 39.2,126 27 0.8,자연림,거미,진드기,응애,18
282,충남 서산시 대산읍 영탑리,20090702,20090723,36 55 39.2,126 27 0.8,자연림,거미,거미,,63
282,충남 서산시 대산읍 영탑리,20090702,20090723,36 55 39.2,126 27 0.8,자연림,갑각,등각,쥐며느리,159
283,충남 서산시 음암면 도당리 잔대산,20090704,20090722,36 49 28,126 32 17.7,자연림,곤충,파리,,19
283,충남 서산시 음암면 도당리 잔대산,20090704,20090722,36 49 28,126 32 17.7,자연림,곤충,톡토기,,29
283,충남 서산시 음암면 도당리 잔대산,20090704,20090722,36 49 28,126 32 17.7,자연림,곤충,벌,개미,69
283,충남 서산시 음암면 도당리 잔대산,20090704,20090722,36 49 28,126 32 17.7,자연림,곤충,벌,,4
283,충남 서산시 음암면 도당리 잔대산,20090704,20090722,36 49 28,126 32 17.7,자연림,곤충,바퀴,바퀴벌레,1
283,충남 서산시 음암면 도당리 잔대산,20090704,20090722,36 49 28,126 32 17.7,자연림,곤충,메뚜기,꼽등이,3
283,충남 서산시 음암면 도당리 잔대산,20090704,20090722,36 49 28,126 32 17.7,자연림,곤충,메뚜기,메뚜기,1
283,충남 서산시 음암면 도당리 잔대산,20090704,20090722,36 49 28,126 32 17.7,자연림,곤충,매미,,1
283,충남 서산시 음암면 도당리 잔대산,20090704,20090722,36 49 28,126 32 17.7,자연림,곤충,딱정벌레,딱정벌레,12
283,충남 서산시 음암면 도당리 잔대산,20090704,20090722,36 49 28,126 32 17.7,자연림,곤충,딱정벌레,반날개,5
283,충남 서산시 음암면 도당리 잔대산,20090704,20090722,36 49 28,126 32 17.7,자연림,곤충,딱정벌레,,22
283,충남 서산시 음암면 도당리 잔대산,20090704,20090722,36 49 28,126 32 17.7,자연림,곤충,돌좀,,2
283,충남 서산시 음암면 도당리 잔대산,20090704,20090722,36 49 28,126 32 17.7,자연림,곤충,노린재,,6
283,충남 서산시 음암면 도당리 잔대산,20090704,20090722,36 49 28,126 32 17.7,자연림,거미,거미,,56
283,충남 서산시 음암면 도당리 잔대산,20090704,20090722,36 49 28,126 32 17.7,자연림,갑각,등각,쥐며느리,27
284,충남 서산시 팔봉면 금학리 팔봉산 입구,20090704,20090723,36 48 51.3,126 22 06.0,자연림,노래기,곰보노래기,,1
284,충남 서산시 팔봉면 금학리 팔봉산 입구,20090704,20090723,36 48 51.3,126 22 06.0,자연림,곤충,파리,,8
284,충남 서산시 팔봉면 금학리 팔봉산 입구,20090704,20090723,36 48 51.3,126 22 06.0,자연림,곤충,톡토기,,9
284,충남 서산시 팔봉면 금학리 팔봉산 입구,20090704,20090723,36 48 51.3,126 22 06.0,자연림,곤충,벌,개미,82
284,충남 서산시 팔봉면 금학리 팔봉산 입구,20090704,20090723,36 48 51.3,126 22 06.0,자연림,곤충,벌,,3
284,충남 서산시 팔봉면 금학리 팔봉산 입구,20090704,20090723,36 48 51.3,126 22 06.0,자연림,곤충,메뚜기,꼽등이,10
284,충남 서산시 팔봉면 금학리 팔봉산 입구,20090704,20090723,36 48 51.3,126 22 06.0,자연림,곤충,매미,,1
284,충남 서산시 팔봉면 금학리 팔봉산 입구,20090704,20090723,36 48 51.3,126 22 06.0,자연림,곤충,딱정벌레,딱정벌레,1
284,충남 서산시 팔봉면 금학리 팔봉산 입구,20090704,20090723,36 48 51.3,126 22 06.0,자연림,곤충,딱정벌레,반날개,3
284,충남 서산시 팔봉면 금학리 팔봉산 입구,20090704,20090723,36 48 51.3,126 22 06.0,자연림,곤충,딱정벌레,,7
284,충남 서산시 팔봉면 금학리 팔봉산 입구,20090704,20090723,36 48 51.3,126 22 06.0,자연림,거미,거미,,27
284,충남 서산시 팔봉면 금학리 팔봉산 입구,20090704,20090723,36 48 51.3,126 22 06.0,자연림,갑각,등각,쥐며느리,65
